ID,Name,Macroarea,Latitude,Longitude,Glottocode,ISO639P3code,Feature_IDs,Glottolog_Languoid_Level,Family,Speaker_Area
abaz1241,Abaza,,44.25,42.0,abaz1241,,168,language,Abkhaz-Adyge,languages
abro1238,Abron,,7.72094,-2.50289,abro1238,,1060,language,Atlantic-Congo,languages
acha1250,Achagua,,4.38649,-72.2005,acha1250,,266,language,Arawakan,languages
ache1246,Aché,,-25.5865,-56.4697,ache1246,,251,language,Tupian,languages
achi1256,Achi,,15.073,-90.3513,achi1256,,527,language,Mayan,languages
achu1247,Achumawi,,41.0979,-121.191,achu1247,,719,language,Palaihnihan,languages
achu1248,Achuar-Shiwiar,,-2.82646,-77.2641,achu1248,,315,language,Chicham,languages
adyg1241,West Circassian,,44.0,39.33,adyg1241,,161,language,Abkhaz-Adyge,languages
afar1241,Afar,,12.2281,41.8083,afar1241,,910,language,Afro-Asiatic,languages
afri1274,Afrikaans,,-31.63272,20.46356,afri1274,,891,language,Indo-European,languages
aghu1253,Aghul,,41.9242,47.5843,aghu1253,,177,language,Nakh-Daghestanian,languages
agua1252,Aguacateco,,15.3307,-91.3153,agua1252,,521,language,Mayan,languages
agua1253,Aguaruna,,-5.30044,-77.9218,agua1253,,287,language,Chicham,languages
ahte1237,Ahtena,,61.7068,-144.889,ahte1237,,553,language,Athabaskan-Eyak-Tlingit,languages
aika1237,Aikanã,,-12.6695,-60.5353,aika1237,,360,language,,languages
akan1250,Akan,,6.34756,-1.33254,akan1250,,960 1058,language,Atlantic-Congo,languages
alab1237,Alabama,,30.76738,-94.62848,alab1237,,649,language,Muskogean,languages
alag1248,Alagwa,,-4.64148,35.7231,alag1248,,1160,language,Afro-Asiatic,languages
aleu1260,Aleut,,52.1228,-174.29,aleu1260,,897,language,Eskimo-Aleut,languages
algo1255,Algonquin,,47.3876,-77.5258,algo1255,,623,language,Algic,languages
alse1251,Alsea-Yaquina,,44.408,-123.94,alse1251,,660 697,language,,languages
amah1246,Amahuaca,,-10.2012,-72.3208,amah1246,,395,language,Pano-Tacanan,languages
aman1266,Amanayé,,-3.79772,-48.6613,aman1266,,412,language,Tupian,languages
amha1245,Amharic,,11.708182,39.543456,amha1245,,909,language,Afro-Asiatic,languages
amis1246,Amis,,23.0917,121.348,amis1246,,854,language,Austronesian,languages
anda1286,Andaqui,,2.74999,-76.0,anda1286,,432,language,,languages
andi1255,Andi,,42.8078,46.2919,andi1255,,170,language,Nakh-Daghestanian,languages
ando1254,Andoquero,,-0.666992,-72.310867,ando1254,,351,language,Huitotoan,languages
anyi1245,Anyin,,6.31781,-3.30532,anyi1245,,1053,language,Atlantic-Congo,languages
apal1237,Apalachee,,30.118,-84.416,apal1237,,646,language,Muskogean,languages
apal1257,Apalaí,,1.49792,-54.7457,apal1257,,270,language,Cariban,languages
apin1244,Apinayé,,-6.10774,-47.6315,apin1244,,214,language,Nuclear-Macro-Je,languages
apol1242,Apolista,,-14.83,-68.66,apol1242,,376,language,Arawakan,languages
apur1254,Apurinã,,-8.21692,-66.7714,apur1254,,338,language,Arawakan,languages
arai1239,Araicu,,-3.104315,-67.2052,arai1239,,383,language,Arawakan,languages
arao1248,Araona,,-12.4242,-67.7293,arao1248,,276,language,Pano-Tacanan,languages
arhu1242,Arhuaco,,10.7018,-73.6363,arhu1242,,269,language,Chibchan,languages
arik1262,Arikara,,45.0,-100.0,arik1262,,607,language,Caddoan,languages
arua1261,Aruá (Rondonia State),,-12.1186,-62.4357,arua1261,,361,language,Tupian,languages
arua1263,Arawá (Amazonas State),,-5.5,-67.98,arua1263,,385,language,Arawan,languages
arua1264,Aruan,,-0.608631,-50.123291,arua1264,,377,language,Arawakan,languages
arut1244,Arutani,,4.0673594,-62.8676118,arut1244,,452,language,,languages
ashk1246,Ashkun,,35.10699,70.542035,ashk1246,,123,language,Indo-European,languages
assa1263,Assamese,,26.0876,91.2932,assa1263,,99,language,Indo-European,languages
assi1247,Assiniboine,,49.2923,-106.068,assi1247,,605,language,Siouan,languages
atac1235,Atacame,,0.834931,-79.778137,atac1235,,430,language,,languages
atay1247,Atayal,,24.5209,121.388,atay1247,,855 856,language,Austronesian,languages
atik1240,Atikamekw,,47.9555,-73.7989,atik1240,,621,language,Algic,languages
aush1242,Aushiri,,-3.3196,-74.5411,aush1242,,323,language,Zaparoan,languages
avar1256,Avar,,41.7047,46.558,avar1256,,169,language,Nakh-Daghestanian,languages
awac1239,Awa-Cuaiquer,,1.21652,-78.3401,awac1239,,328,language,Barbacoan,languages
awet1244,Awetí,,-12.381944,-53.391944,awet1244,,284,language,Tupian,languages
awut1241,Awutu,,5.42441,-0.59545,awut1241,,1054,language,Atlantic-Congo,languages
ayor1240,Ayoreo,,-19.220055,-60.217495,ayor1240,,429,language,Zamucoan,languages
baat1238,Baatonum,,9.63186,2.99607,baat1238,,1040,language,Atlantic-Congo,languages
babi1235,Witsuwit'en-Babine,,55.0997,-126.41,babi1235,,579,language,Athabaskan-Eyak-Tlingit,languages
bagi1246,Bagirmi,,11.52392,14.769495,bagi1246,,1013,language,Central Sudanic,languages
baka1277,Bakairí,,-14.2628,-54.7034,baka1277,,302,language,Cariban,languages
bakw1243,Bakwé,,5.23123,-6.51077,bakw1243,,1046,language,Kru,languages
bamb1269,Bambara,,12.9,-7.65,bamb1269,,1110,language,Mande,languages
bamu1253,Bamun,,5.49017,10.8477,bamu1253,,1074,language,Atlantic-Congo,languages
band1348,Banda-Yangere,,3.95763,16.5907,band1348,,942,language,Atlantic-Congo,languages
band1352,Bandi,,7.73729,-10.1684,band1352,,1048,language,Mande,languages
bani1255,Baniwa do Icana,,2.17859,-67.7704,bani1255,,342,language,Arawakan,languages
baou1238,Baoulé,,5.42509,-4.76565,baou1238,,1055,language,Atlantic-Congo,languages
barb1263,Barbareño,,34.462,-119.699,barb1263,,661,language,Chumashan,languages
bare1276,Baré,,1.91649,-66.828,bare1276,,371,language,Arawakan,languages
bari1297,Barí,,9.08497,-72.9353,bari1297,,305,language,Chibchan,languages
bash1264,Bashkir,,53.59671,56.55937,bash1264,,800,language,Turkic,languages
bata1314,Bata,,9.68091,12.677,bata1314,,1143,language,Afro-Asiatic,languages
bats1242,Bats,,42.1806,45.344,bats1242,,144,language,Nakh-Daghestanian,languages
baur1253,Baure,,-13.61,-63.68,baur1253,,440,language,Arawakan,languages
beav1236,Beaver,,56.7984,-120.352,beav1236,,629,language,Athabaskan-Eyak-Tlingit,languages
beja1238,Beja,,17.2436,36.6666,beja1238,,914,language,Afro-Asiatic,languages
bela1254,Belarusian,,53.2307,25.6038,bela1254,,182,language,Indo-European,languages
bell1243,Bella Coola,,52.3448,-126.689,bell1243,,584,language,Salishan,languages
bemb1257,Bemba (Zambia),,-10.6122,29.2993,bemb1257,,938,language,Atlantic-Congo,languages
bena1262,Bena (Tanzania),,-9.26671,35.0364,bena1262,,996,language,Atlantic-Congo,languages
beng1280,Bengali,,24.0,90.0,beng1280,,100,language,Indo-European,languages
beot1247,Beothuk,,48.0,-57.0,beot1247,,544,language,,languages
bezh1248,Bezhta,,42.1206,46.0332,bezh1248,,164,language,Nakh-Daghestanian,languages
bhil1251,Bhili,,20.85,73.9592,bhil1251,,56,language,Indo-European,languages
bhoj1244,Bhojpuri,,26.458455,84.817115,bhoj1244,,874,language,Indo-European,languages
bimo1239,Bimoba,,10.4575,0.06121,bimo1239,,1123,language,Atlantic-Congo,languages
bini1246,Bini,,6.40701,5.70426,bini1246,,1028,language,Atlantic-Congo,languages
biss1248,Bissa,,10.4257,-1.67332,biss1248,,1131,language,Mande,languages
boko1261,Bokoto,,4.75111,16.6721,boko1261,,1139,language,Atlantic-Congo,languages
bomu1247,Bomu,,12.3816,-4.538,bomu1247,,1130,language,Atlantic-Congo,languages
bond1246,Bondoukou Kulango,,7.85945,-2.87379,bond1246,,1085,language,Atlantic-Congo,languages
bond1247,Bondei,,-5.10749,38.5079,bond1247,,997,language,Atlantic-Congo,languages
bora1263,Bora,,-2.000259,-72.257066,bora1263,,350,language,Boran,languages
boro1282,Bororo,,-16.6029,-55.2004,boro1282,,218,language,Bororoan,languages
boun1243,Bouna Kulango,,8.46011,-2.74627,boun1243,,1086,language,Atlantic-Congo,languages
bouy1240,Bouyei,,24.8484,106.187,bouy1240,,839,language,Tai-Kadai,languages
bret1244,Breton,,48.2452,-3.78934,bret1244,,72,language,Indo-European,languages
brib1243,Bribri,,9.39794,-83.0539,brib1243,,478 479,language,Chibchan,languages
budu1248,Budukh,,41.2272,48.3353,budu1248,,166,language,Nakh-Daghestanian,languages
budu1265,Buduma,,13.0692,14.4492,budu1265,,1107,language,Afro-Asiatic,languages
bugl1243,Buglere,,8.57695,-81.25648,bugl1243,,476,language,Chibchan,languages
bulg1262,Bulgarian,,43.3646,25.047,bulg1262,,65,language,Indo-European,languages
buli1254,Buli (Ghana),,10.5763,-1.26748,buli1254,,1083,language,Atlantic-Congo,languages
bunu1267,Bunun,,23.4116,121.025,bunu1267,,852,language,Austronesian,languages
bura1292,Bura-Pabir,,10.4822,12.3007,bura1292,,1091,language,Afro-Asiatic,languages
buru1296,Burushaski,,36.2161,74.8236,buru1296,,880,language,,languages
buru1320,Burunge,,-5.21369,35.963,buru1320,,1176,language,Afro-Asiatic,languages
busa1253,Busa,,9.91074,4.39929,busa1253,,1022,language,Mande,languages
cabe1245,Cabécar,,9.67031,-83.4102,cabe1245,,480,language,Chibchan,languages
cadd1256,Caddo,,33.33,-93.5,cadd1256,,654,language,Caddoan,languages
cahu1264,Cahuilla,,33.5324,-116.691,cahu1264,,736,language,Uto-Aztecan,languages
call1235,Callawalla,,-15.88451,-68.10176,call1235,,222,language,Speech Register,languages
cams1241,Camsá,,1.14537,-76.8931,cams1241,,431,language,,languages
cand1248,Candoshi-Shapra,,-4.23835,-76.9347,cand1248,,321,language,,languages
cane1242,Central-Southern Timbira,,-6.10712,-45.1299,cane1242,,215,language,Nuclear-Macro-Je,languages
cani1243,Canichana,,-14.3058,-64.944455,cani1243,,441,language,,languages
cari1279,Carijona,,1.21894,-72.0664,cari1279,,310,language,Cariban,languages
caro1243,Carolina Algonquian,,35.979,-77.291,caro1243,,777,language,Algic,languages
carr1249,Central Carrier,,54.3768,-124.328,carr1249,,578,language,Athabaskan-Eyak-Tlingit,languages
cash1251,Cashibo-Cacataibo,,-8.70232,-75.4206,cash1251,,285,language,Pano-Tacanan,languages
cash1254,Cashinahua,,-9.72027,-71.1733,cash1254,,392,language,Pano-Tacanan,languages
cata1286,Catawba,,34.9685,-80.8857,cata1286,,643,language,Siouan,languages
cavi1250,Cavineña,,-13.3544,-66.6277,cavi1250,,390,language,Pano-Tacanan,languages
cayu1261,Cayuga,,42.41,-76.5969,cayu1261,,635,language,Iroquoian,languages
cayu1262,Cayubaba,,-13.2482,-65.4822,cayu1262,,442,language,,languages
ceba1235,Senari,,9.50768,-6.15264,ceba1235,,1064,language,Atlantic-Congo,languages
cent1972,Central Kurdish,,35.6539,45.8077,cent1972,,118,language,Indo-European,languages
cent2050,Central Kanuri,,11.8,13.13,cent2050,,924,language,Saharan,languages
cent2127,Central Alaskan Yupik,,60.3062,-161.486,cent2127,,546,language,Eskimo-Aleut,languages
cent2131,Central Tarahumara,,27.5648,-107.154,cent2131,,490,language,Uto-Aztecan,languages
cent2132,Tlaxcala-Puebla-Central Nahuatl,,19.1248,-98.3002,cent2132,,536,language,Uto-Aztecan,languages
cent2136,Central Ojibwa,,46.5741,-84.1543,cent2136,,589,language,Algic,languages
cent2144,Central Mazahua,,19.7357,-100.018,cent2144,,511,language,Otomanguean,languages
cent2150,Central Tunebo,,6.8867,-72.097,cent2150,,405,language,Chibchan,languages
chac1249,Cha'palaa,,0.71489,-79.0508,chac1249,,330,language,Barbacoan,languages
chac1251,Chácobo,,-12.133,-66.7164,chac1251,,391,language,Pano-Tacanan,languages
chak1271,Chakali,,9.83446,-1.90181,chak1271,,1082,language,Atlantic-Congo,languages
cham1318,Chamicuro,,-5.1149,-75.6778,cham1318,,318,language,Arawakan,languages
char1240,Charrúa,,-34.9,-56.16,char1240,,239,language,Charruan,languages
chay1248,Shawi,,-5.63764,-76.8252,chay1248,,317,language,Cahuapanan,languages
chec1245,Chechen,,43.5,45.5,chec1245,,145,language,Nakh-Daghestanian,languages
cher1273,Cherokee,,35.4664,-83.163,cher1273,,644,language,Iroquoian,languages
chey1247,Cheyenne,,45.5321,-106.659,chey1247,,609,language,Algic,languages
chic1270,Chickasaw,,34.0,-88.0,chic1270,,650,language,Muskogean,languages
chil1280,Chilcotin-Nicola,,51.98952,-123.24458,chil1280,,581,language,Athabaskan-Eyak-Tlingit,languages
chim1309,Chimila,,10.1902,-74.2559,chim1309,,400,language,Chibchan,languages
chim1310,Chimakum,,47.91457,-123.139145,chim1310,,664,language,Chimakuan,languages
chin1286,Clatsop-Shoalwater Chinook,,46.39132,-123.9249,chin1286,,674,language,Chinookan,languages
chip1261,Chipewyan,,58.98,-104.44,chip1261,,576,language,Athabaskan-Eyak-Tlingit,languages
chiq1248,Lomeriano-Ignaciano Chiquitano,,-16.769554,-61.817795,chiq1248,,290,language,Chiquitano,languages
chir1286,Chiripá,,-25.6521,-55.051,chir1286,,250,language,Tupian,languages
choc1276,Choctaw,,32.25,-88.5,choc1276,,651,language,Muskogean,languages
chok1245,Chokwe,,-9.66082,21.3992,chok1245,,946,language,Atlantic-Congo,languages
chol1282,Chol,,17.4897,-92.4698,chol1282,,502,language,Mayan,languages
chor1273,Ch'orti',,14.818,-89.2363,chor1273,,500,language,Mayan,languages
chuk1273,Chukchi,,68.6436,170.045,chuk1273,,794,language,Chukotko-Kamchatkan,languages
chum1261,Chumburung,,8.15211,-0.2755,chum1261,,1057,language,Atlantic-Congo,languages
chuv1255,Chuvash,,55.48701,47.16298,chuv1255,,816,language,Turkic,languages
cint1239,Cinta Larga,,-10.5879,-60.8312,cint1239,,283,language,Tupian,languages
clal1241,Clallam,,48.0707,-123.511,clal1241,,665,language,Salishan,languages
clas1250,Classical Nahuatl,,19.72,-96.97,clas1250,,532,language,Uto-Aztecan,languages
coas1301,Coast Miwok,,38.3285,-122.994,coas1301,,722,language,Miwok-Costanoan,languages
coat1238,Coatlán Mixe,,16.9404,-95.4659,coat1238,,528 529,language,Mixe-Zoque,languages
coca1259,Cocama-Cocamilla,,-4.5,-74.0,coca1259,,368,language,Tupian,languages
coch1272,Cochimi,,29.04,-114.077,coch1272,,781 782 783 784,language,Cochimi-Yuman,languages
coco1261,Cocopa,,32.376,-114.848,coco1261,,765,language,Cochimi-Yuman,languages
cofa1242,Cofán,,0.276675,-77.0643,cofa1242,,325,language,,languages
cogu1240,Cogui,,10.9485,-73.8043,cogu1240,,268,language,Chibchan,languages
colo1256,Tsafiki,,-0.21181,-79.2347,colo1256,,329,language,Barbacoan,languages
colu1241,Columbia-Wenatchi,,48.217,-118.454,colu1241,,725,language,Salishan,languages
coma1245,Comanche,,34.0,-101.0,coma1245,,656,language,Uto-Aztecan,languages
como1259,Comox,,49.7233,-124.967,como1259,,615,language,Salishan,languages
coos1249,Hanis,,43.4413,-124.16,coos1249,,667,language,Coosan,languages
copa1236,Central-South Chiapas Zoque,,17.2157,-93.3183,copa1236,,530,language,Mixe-Zoque,languages
copt1239,Coptic,,29.472,31.2053,copt1239,,915,language,Afro-Asiatic,languages
corn1251,Cornish,,50.5233,-4.18619,corn1251,,73,language,Indo-European,languages
coro1249,Coroado-Puri,,-20.264033,-43.612003,coro1249,,418,language,Puri-Coroado,languages
cowl1242,Cowlitz,,46.4167,-122.917,cowl1242,,666,language,Salishan,languages
cree1270,Creek,,31.0,-87.5,cree1270,,645,language,Muskogean,languages
crim1257,Crimean Tatar,,45.0,34.08,crim1257,,174,language,Turkic,languages
crow1244,Crow,,45.368,-107.874,crow1244,,604,language,Siouan,languages
cruz1243,Cruzeño,,34.0465,-119.864,cruz1243,,670,language,Chumashan,languages
cube1242,Cubeo,,1.32382,-70.1939,cube1242,,363,language,Tucanoan,languages
cuib1242,Cuiba,,6.19829,-69.8197,cuib1242,,307,language,Guahiboan,languages
culi1244,Culina,,-8.55268,-70.6648,culi1244,,335 459,language,Arawan,languages
cull1235,Culli,,-7.878618,-78.116456,cull1235,,438,language,,languages
curr1243,Curripaco,,0.69618,-67.5028,curr1243,,341,language,Arawakan,languages
cusc1236,Cusco Quechua,,-14.0853,-71.7663,cusc1236,,194,language,Quechuan,languages
czec1258,Czech,,49.873398,15.10437,czec1258,,69,language,Indo-European,languages
dagb1246,Dagbani,,9.64745,-0.43227,dagb1246,,1038,language,Atlantic-Congo,languages
dako1258,Dakota,,45.86,-96.58,dako1258,,596,language,Siouan,languages
dale1238,Dalecarlian,,61.291358,13.830399,dale1238,,78,language,Indo-European,languages
dani1285,Danish,,54.8655,9.36284,dani1285,,77,language,Indo-European,languages
darg1241,North-Central Dargwa,,42.4257,47.4388,darg1241,,172,language,Nakh-Daghestanian,languages
dari1249,Dari,,34.39757,66.14961,dari1249,,883,language,Indo-European,languages
dege1248,Degexit'an,,62.0697,-160.044,dege1248,,552,language,Athabaskan-Eyak-Tlingit,languages
desa1247,Desano,,0.58157,-69.4955,desa1247,,364,language,Tucanoan,languages
dhiv1236,Dhivehi,,1.928498,73.54433,dhiv1236,,105,language,Indo-European,languages
diti1235,Ditidaht,,48.67,-124.75,diti1235,,681,language,Wakashan,languages
djeo1235,Djeoromitxí,,-12.038,-64.6694,djeo1235,,355,language,Nuclear-Macro-Je,languages
djim1235,Djimini Senoufo,,8.36279,-4.45627,djim1235,,1061,language,Atlantic-Congo,languages
dogr1252,Dogrib,,63.17,-117.25,dogr1252,,577,language,Athabaskan-Eyak-Tlingit,languages
duru1236,Duruwa,,19.0534,82.4881,duru1236,,868,language,Dravidian,languages
dutc1256,Dutch,,52.0,5.0,dutc1256,,84,language,Indo-European,languages
dyul1238,Dyula,,10.4536,-4.72007,dyul1238,,1126,language,Mande,languages
east2295,Eastern Yiddish,,51.75,19.42,east2295,,90,language,Indo-European,languages
east2337,East Yugur,,38.83687,99.61725,east2337,,836,language,Mongolic-Khitan,languages
east2534,Eastern Canadian Inuktitut,,62.1735,-75.6139,east2534,,896,language,Eskimo-Aleut,languages
east2538,Eastern Huasteca Nahuatl,,21.0639,-97.9077,east2538,,537,language,Uto-Aztecan,languages
east2542,Eastern Ojibwa,,45.0112,-79.7503,east2542,,622,language,Algic,languages
east2544,Eastern Abenaki,,45.0112,-68.6617,east2544,,624,language,Algic,languages
east2555,Eastern Bolivian Guaraní,,-20.42,-63.37,east2555,,198,language,Tupian,languages
efik1245,Efik,,4.89379,8.38121,efik1245,,1067,language,Atlantic-Congo,languages
ejag1239,Ejagham,,5.54442,8.90959,ejag1239,,1069,language,Atlantic-Congo,languages
elna1235,El Nayar Cora,,22.4099,-104.467,elna1235,,488,language,Uto-Aztecan,languages
embe1260,Emberá-Catío,,7.52721,-76.7476,embe1260,,399,language,Chocoan,languages
emer1243,Teko,,3.23694,-52.3699,emer1243,,200,language,Tupian,languages
enap1235,Panare,,6.95035,-65.8483,enap1235,,346,language,Cariban,languages
erie1238,Erie,,42.158,-79.64,erie1238,,637,language,Unclassifiable,languages
erzy1239,Erzya,,52.8548,45.3901,erzy1239,,819,language,Uralic,languages
esee1248,Ese Ejja,,-11.7268,-67.515,esee1248,,275,language,Pano-Tacanan,languages
even1259,Evenki,,61.972,94.689,even1259,,801,language,Tungusic,languages
even1260,Even,,70.6687,130.914,even1260,,792,language,Tungusic,languages
ewee1241,Ewe,,6.46061,0.814975,ewee1241,,1019,language,Atlantic-Congo,languages
eyak1241,Eyak,,60.4232,-144.762,eyak1241,,541,language,Athabaskan-Eyak-Tlingit,languages
fang1246,Fang (Equatorial Guinea),,1.723965,11.61454,fang1246,,1101,language,Atlantic-Congo,languages
faro1244,Faroese,,62.0732,-6.88497,faro1244,,79,language,Indo-European,languages
fefe1239,Fe'fe',,5.18158,10.1442,fefe1239,,1066,language,Atlantic-Congo,languages
finn1318,Finnish,,64.7628,25.5577,finn1318,,158,language,Uralic,languages
fonn1241,Fon,,7.15484,1.66495,fonn1241,,1020,language,Atlantic-Congo,languages
friu1240,Friulian,,46.1473,13.0493,friu1240,,130,language,Indo-European,languages
fuln1247,Fulniô,,-9.02591,-37.1402,fuln1247,,219,language,,languages
furr1244,Fur,,12.0455,23.6401,furr1244,,925,language,Furan,languages
fwee1238,Fwe,,-17.72372,24.43151,fwee1238,,950,language,Atlantic-Congo,languages
gaaa1244,Ga,,5.65488,-0.18598,gaaa1244,,1021,language,Atlantic-Congo,languages
gaga1249,Gagauz,,44.59876,28.02769,gaga1249,,173,language,Turkic,languages
gali1262,Galibi Carib,,5.83772,-56.8323,gali1262,,263,language,Cariban,languages
game1240,Gamela of Viana,,-3.2913381,-45.1835185,game1240,,331,language,Unclassifiable,languages
gand1255,Ganda,,0.66884,32.15153,gand1255,,1098,language,Atlantic-Congo,languages
gari1256,Garifuna,,15.3529,-86.9091,gari1256,,499,language,Arawakan,languages
gbag1258,Gbagyi,,9.29842,6.90495,gbag1258,,1026,language,Atlantic-Congo,languages
gban1260,Gbanu,,5.28183,17.3887,gban1260,,1142,language,Atlantic-Congo,languages
gbar1246,Gbari,,8.46411,7.10757,gbar1246,,1025,language,Atlantic-Congo,languages
gbay1286,Gbaya-Bozoum,,5.9879,16.4643,gbay1286,,1177,language,Atlantic-Congo,languages
gbay1287,Gbaya-Bossangoa,,6.61896,17.645,gbay1287,,1102,language,Atlantic-Congo,languages
geic1236,Jeicó,,-6.56,-43.0,geic1236,,423,language,Nuclear-Macro-Je,languages
gila1241,Gilaki,,37.1344,49.8359,gila1241,,116,language,Indo-European,languages
gily1242,Amur Nivkh,,52.59,140.681,gily1242,,797,language,Nivkh,languages
godi1239,Godié,,5.3944,-5.82696,godi1239,,962,language,Kru,languages
gogo1263,Gogo,,-6.35951,35.4807,gogo1263,,998,language,Atlantic-Congo,languages
gonj1241,Gonja,,8.48801,-0.72757,gonj1241,,1059,language,Atlantic-Congo,languages
gour1243,Gourmanchéma,,11.6711,1.28489,gour1243,,1036,language,Atlantic-Congo,languages
guah1255,Sikuani,,5.81736,-68.9839,guah1255,,308,language,Guahiboan,languages
guai1237,Guaicurian,,24.1666666667,-110.3,guai1237,,787 788,language,,languages
guam1236,Guamo,,8.2351027,-67.4018753,guam1236,,409,language,,languages
guam1248,Guambiano,,2.55849,-76.582,guam1248,,327,language,Barbacoan,languages
guan1268,Guaná (Paraguay),,-21.9803,-58.0654,guan1268,,426,language,Lengua-Mascoy,languages
guar1292,Guarayu,,-15.8247,-61.6934,guar1292,,289,language,Tupian,languages
guat1253,Guató,,-17.8696,-57.2897,guat1253,,278,language,,languages
guay1257,Guayabero,,2.8969,-71.844,guay1257,,309,language,Guahiboan,languages
guer1243,Guerrero Amuzgo,,16.77226,-98.18953,guer1243,,494,language,Otomanguean,languages
guja1252,Gujarati,,22.687,71.0962,guja1252,,109,language,Indo-European,languages
gwic1235,Gwich'in,,67.4307,-142.963,gwic1235,,561,language,Athabaskan-Eyak-Tlingit,languages
hais1244,Haisla,,53.964,-128.602,hais1244,,582,language,Wakashan,languages
hakk1236,Hakka Chinese,,25.0,116.0,hakk1236,,826,language,Sino-Tibetan,languages
halh1238,Halh Mongolian,,48.32397,106.28874,halh1238,,828,language,Mongolic-Khitan,languages
halk1245,Halkomelem,,49.250402,-122.443668,halk1245,,619,language,Salishan,languages
hani1248,Hani,,22.67753,102.851673333,hani1248,,851,language,Sino-Tibetan,languages
hann1241,Han,,64.5002,-140.352,hann1241,,558,language,Athabaskan-Eyak-Tlingit,languages
haus1257,Hausa,,11.1513,8.7804,haus1257,,1108,language,Afro-Asiatic,languages
hava1248,Havasupai-Walapai-Yavapai,,35.6302,-113.385,hava1248,,759 760 761,language,Cochimi-Yuman,languages
haya1250,Haya,,-1.70878,31.4846,haya1250,,1166,language,Atlantic-Congo,languages
hehe1240,Hehe,,-7.71572,35.7255,hehe1240,,1003,language,Atlantic-Congo,languages
heil1246,Heiltsuk-Oowekyala,,51.7045,-127.221,heil1246,,585,language,Wakashan,languages
here1253,Herero,,-21.0231,20.5655,here1253,,964,language,Atlantic-Congo,languages
hida1246,Hidatsa,,47.33,-102.0,hida1246,,606,language,Siouan,languages
high1276,Highland Popoluca,,18.198,-94.9109,high1276,,531,language,Mixe-Zoque,languages
high1278,Highland Puebla Nahuatl,,20.1554,-97.5556,high1278,,533,language,Uto-Aztecan,languages
hind1269,Hindi,,25.0,77.0,hind1269,,872,language,Indo-European,languages
hixk1239,Hixkaryána,,-0.16265,-58.80153,hixk1239,,193,language,Cariban,languages
hlai1239,Hlai,,18.8062,109.459,hlai1239,,843,language,Tai-Kadai,languages
hoch1243,Ho-Chunk,,43.5,-88.5,hoch1243,,749,language,Siouan,languages
holi1241,Holikachuk,,62.7266,-159.831,holi1241,,559,language,Athabaskan-Eyak-Tlingit,languages
hopi1249,Hopi,,35.7653,-110.535,hopi1249,,742,language,Uto-Aztecan,languages
huam1247,Huambisa,,-3.99109,-77.9797,huam1247,,314,language,Chicham,languages
huas1242,Huastec,,21.6153,-98.5028,huas1242,,498,language,Mayan,languages
huic1243,Huichol,,21.954,-104.062,huic1243,,489,language,Uto-Aztecan,languages
huil1244,Huilliche,,-40.0694,-72.767,huil1244,,232,language,Araucanian,languages
hung1274,Hungarian,,46.9068585714,19.6555271429,hung1274,,160,language,Uralic,languages
hupa1239,Hupa-Chilula,,41.0982,-123.68,hupa1239,,668,language,Athabaskan-Eyak-Tlingit,languages
iban1261,Ibani,,4.49119,7.23558,iban1261,,1033,language,Ijoid,languages
ibib1240,Ibibio,,5.15279,7.86688,ibib1240,,1068,language,Atlantic-Congo,languages
icel1247,Icelandic,,63.4837,-19.0212,icel1247,,80,language,Indo-European,languages
idom1241,Idoma,,7.19139,7.71261,idom1241,,1023,language,Atlantic-Congo,languages
igna1246,Ignaciano,,-15.1188,-65.3993,igna1246,,244,language,Arawakan,languages
ikom1245,Ikoma-Nata,,-1.94989,34.5361,ikom1245,,1170,language,Atlantic-Congo,languages
ikpe1245,Ikpeng,,-11.37822,-53.49553,ikpe1245,,419,language,Cariban,languages
ilaa1246,Ila,,-15.60807,26.45548,ilaa1246,,956 966,language,Atlantic-Congo,languages
ilwa1237,Ilwana,,-0.66322,39.793,ilwa1237,,1153,language,Atlantic-Congo,languages
inap1242,Iñapari,,-12.46525,-69.30827,inap1242,,370,language,Arawakan,languages
indu1241,Indus Kohistani,,35.3389,73.0154,indu1241,,881,language,Indo-European,languages
ines1240,Ineseño,,34.6169,-120.08,ines1240,,669,language,Chumashan,languages
ingu1240,Ingush,,43.11,45.03,ingu1240,,162,language,Nakh-Daghestanian,languages
iowa1245,Iowa-Oto,,40.0511,-95.5213,iowa1245,,598,language,Siouan,languages
ipai1240,Ipai,,33.005,-116.993,ipai1240,,769 774,language,Cochimi-Yuman,languages
iran1263,Irántxe-Münkü,,-12.7178,-57.9806,iran1263,,472,language,,languages
iraq1241,Iraqw,,-4.19948,35.2939,iraq1241,,1159,language,Afro-Asiatic,languages
iris1253,Irish,,53.2186,-7.61509,iris1253,,75,language,Indo-European,languages
iron1242,Iron Ossetian,,42.98,44.61,iron1242,,110,language,Indo-European,languages
ishk1246,Ishkashimi,,36.67,71.55,ishk1246,,885,language,Indo-European,languages
isth1242,Isthmus-Mecayapan Nahuatl,,18.2,-94.7547,isth1242,,538,language,Uto-Aztecan,languages
ital1282,Italian,,43.0464,12.6489,ital1282,,131,language,Indo-European,languages
iten1243,Itene,,-12.2994,-64.9841,iten1243,,258,language,Chapacuran,languages
iton1250,Itonama,,-12.80431,-64.35748,iton1250,,389,language,,languages
izon1238,Izon,,5.17986,5.51702,izon1238,,1031,language,Ijoid,languages
jama1261,Madi,,-7.62223,-66.5662,jama1261,,334,language,Arawan,languages
jaqa1244,Jaqaru,,-12.741939,-75.809231,jaqa1244,,224,language,Aymaran,languages
jebe1250,Jebero,,-5.40317,-76.4103,jebe1250,,316,language,Cahuapanan,languages
jica1244,Jicarilla Apache,,36.8079,-107.007,jica1244,,745,language,Athabaskan-Eyak-Tlingit,languages
jira1235,Jirajaran,,10.57,-69.7,jira1235,,407,language,,languages
juku1254,Jukun Takum,,7.20236,10.2576,juku1254,,1133,language,Atlantic-Congo,languages
juri1235,Juri,,-1.358881,-69.984741,juri1235,,461,language,Ticuna-Yuri,languages
juru1256,Yudja,,-10.9354,-53.3472,juru1256,,202,language,Tupian,languages
kaba1278,Kabardian,,43.5082,43.3918,kaba1278,,150,language,Abkhaz-Adyge,languages
kaba1281,Kaba,,7.64972,16.7344,kaba1281,,1094,language,Central Sudanic,languages
kach1280,Southern Jinghpaw,,25.4634,97.3278,kach1280,,848,language,Sino-Tibetan,languages
kadi1248,Kadiwéu,,-19.7222,-57.582,kadi1248,,427,language,Guaicuruan,languages
kain1272,Kaingang,,-27.7671,-52.5394,kain1272,,240,language,Nuclear-Macro-Je,languages
kais1242,Kaishana,,-2.171598,-67.319199,kais1242,,372 381,language,Arawakan,languages
kaiw1246,Kaiwá,,-24.589,-54.6815,kaiw1246,,248,language,Tupian,languages
kala1381,Kalabari,,4.53194,6.69539,kala1381,,1032,language,Ijoid,languages
kala1399,Kalaallisut,,69.3761,-52.864,kala1399,,899,language,Eskimo-Aleut,languages
kala1400,Central Kalapuya,,44.9861,-123.925,kala1400,,663,language,Kalapuyan,languages
kalm1243,Oirad-Kalmyk-Darkhat,,46.566667,45.316667,kalm1243,,817,language,Mongolic-Khitan,languages
kama1372,Kamakan,,-15.0,-41.0,kama1372,,293,language,Kamakanan,languages
kama1373,Kamayurá,,-12.2661,-53.4651,kama1373,,203,language,Tupian,languages
kamb1297,Kamba (Kenya),,-1.60827,37.9532,kamb1297,,1099,language,Atlantic-Congo,languages
kami1256,Kami (Tanzania),,-6.71075,37.98,kami1256,,1158,language,Atlantic-Congo,languages
kana1291,Katukína-Kanamarí,,-6.45399,-68.7678,kana1291,,388,language,Katukinan,languages
kane1243,Kanembu,,13.8749,14.8437,kane1243,,1106,language,Saharan,languages
kans1243,Kansa,,39.0,-94.4,kans1243,,599,language,Siouan,languages
kaon1241,Kaonde,,-12.4129,25.7646,kaon1241,,975,language,Atlantic-Congo,languages
kara1465,Karachay-Balkar,,43.565,42.2606,kara1465,,155,language,Turkic,languages
kara1500,Karajá,,-11.1881,-50.3492,kara1500,,220,language,Nuclear-Macro-Je,languages
kare1335,Karelian,,65.1691,30.8655,kare1335,,808,language,Uralic,languages
kari1254,Kariri,,-7.434628,-40.487275,kari1254,,261,language,,languages
kari1311,Karitiâna,,-9.37937,-64.1522,kari1311,,195,language,Tupian,languages
karo1304,Karuk,,41.8228,-123.315,karo1304,,701,language,,languages
kase1253,Kasem,,11.0824,-1.39076,kase1253,,1080,language,Atlantic-Congo,languages
kash1277,Kashmiri,,34.166825,74.330455,kash1277,,97,language,Indo-European,languages
kask1239,Kaska,,61.0,-130.0,kask1239,,564,language,Athabaskan-Eyak-Tlingit,languages
kath1253,Kathlamet,,46.197,-123.56,kath1253,,662,language,Chinookan,languages
kati1270,Katë,,35.4145,70.9826,kati1270,,124,language,Indo-European,languages
kato1244,Kato,,39.7002,-123.432,kato1244,,671,language,Athabaskan-Eyak-Tlingit,languages
kaya1329,Kayabí,,-11.2747,-55.5479,kaya1329,,204,language,Tupian,languages
kaya1330,Mebengokre,,-7.77352,-51.6737,kaya1330,,216,language,Nuclear-Macro-Je,languages
kaza1248,Kazakh,,51.17,71.454,kaza1248,,156,language,Turkic,languages
kekc1242,Q'eqchi',,15.3788,-89.2452,kekc1242,,525,language,Mayan,languages
kett1243,Ket,,63.7551,87.5466,kett1243,,802,language,Yeniseian,languages
kham1281,Khamnigan Mongol,,49.0,117.0,kham1281,,830,language,Mongolic-Khitan,languages
khan1272,Khandesi,,21.3181,74.142,khan1272,,877,language,Indo-European,languages
khan1273,Kazym-Berezover-Suryskarer Khanty,,62.4308,66.1218,khan1273,,813,language,Uralic,languages
khin1240,Khinalug,,41.1801,48.0571,khin1240,,165,language,Nakh-Daghestanian,languages
khow1242,Khowar,,36.0,72.0,khow1242,,102,language,Indo-European,languages
khva1239,Khwarshi-Inkhoqwari,,42.2743,45.9977,khva1239,,148,language,Nakh-Daghestanian,languages
kich1262,K'iche',,14.5278,-91.1696,kich1262,,519,language,Mayan,languages
kild1236,Kildin Saami,,68.2158,35.8348,kild1236,,807,language,Uralic,languages
kili1268,Kiliwa,,30.5471,-115.123,kili1268,,773,language,Cochimi-Yuman,languages
kimb1241,Kimbundu,,-8.97835,14.8893,kimb1241,,937,language,Atlantic-Congo,languages
kimb1242,Kimbu,,-7.23023,33.6445,kimb1242,,986,language,Atlantic-Congo,languages
kiny1244,Kinyarwanda,,-1.56771,29.6441,kiny1244,,991,language,Atlantic-Congo,languages
kiow1266,Kiowa,,34.9403,-98.9042,kiow1266,,657,language,Kiowa-Tanoan,languages
kirg1245,Kirghiz,,42.0,74.0,kirg1245,,822,language,Turkic,languages
kiri1254,Kirike,,4.41126,6.98938,kiri1254,,1034,language,Ijoid,languages
klam1254,Klamath-Modoc,,42.5861,-121.704,klam1254,,718,language,,languages
klao1243,Klao,,5.05,-8.85,klao1243,,1044,language,Kru,languages
koas1236,Koasati,,30.4096,-92.709,koas1236,,648,language,Muskogean,languages
kond1295,Konda-Dora,,18.26754,82.93402,kond1295,,870,language,Dravidian,languages
konk1267,Konkan Marathi,,18.404,73.994,konk1267,,107,language,Indo-European,languages
konk1269,Konkomba,,9.82224,0.2783,konk1269,,1125,language,Atlantic-Congo,languages
konn1242,Konni,,10.2368,-1.54376,konn1242,,1081,language,Atlantic-Congo,languages
kony1250,Konyanka Maninka,,8.04788,-8.89972,kony1250,,1088,language,Mande,languages
konz1239,Konzo,,0.32395,29.8696,konz1239,,993,language,Atlantic-Congo,languages
koon1244,South-Central Koongo,,-5.57722,14.4771,koon1244,,935,language,Atlantic-Congo,languages
kore1283,Koreguaje,,0.92316,-75.3475,kore1283,,362,language,Tucanoan,languages
kory1246,Koryak,,63.8977,166.695,kory1246,,798,language,Chukotko-Kamchatkan,languages
kota1274,Kota (Gabon),,1.016,13.97,kota1274,,987,language,Atlantic-Congo,languages
koyu1237,Koyukon,,65.6093,-154.229,koyu1237,,560,language,Athabaskan-Eyak-Tlingit,languages
kpan1246,Kpan,,7.58343,10.1642,kpan1246,,1136,language,Atlantic-Congo,languages
kren1239,Borum,,-18.9988,-41.2299,kren1239,,292,language,Nuclear-Macro-Je,languages
kryt1240,Kryz,,41.1811,48.1846,kryt1240,,146,language,Nakh-Daghestanian,languages
kuii1252,Kui (India),,19.2043,83.5859,kuii1252,,867,language,Dravidian,languages
kuik1246,Kuikúro-Kalapálo,,-12.3035,-53.2261,kuik1246,,421 422,language,Cariban,languages
kuku1286,Kukura,,,,kuku1286,,453,language,Bookkeeping,languages
kull1236,Kullu Pahari,,31.8339,77.3772,kull1236,,882,language,Indo-European,languages
kuma1273,Kumaoni,,29.5622,80.0171,kuma1273,,93,language,Indo-European,languages
kumi1248,Tipai,,32.331,-116.604,kumi1248,,771,language,Cochimi-Yuman,languages
kumy1244,Kumyk,,43.0,47.0,kumy1244,,175,language,Turkic,languages
kuna1268,Kunama,,14.5879,37.5292,kuna1268,,1149,language,,languages
kunz1244,Kunza,,-23.0,-69.0,kunz1244,,231,language,,languages
kura1250,Kuranko,,9.49325,-10.6122,kura1250,,1087,language,Mande,languages
kuru1301,Kurukh,,24.46442,86.46568,kuru1301,,871,language,Dravidian,languages
kuru1309,Kuruáya,,-7.30696,-55.17252,kuru1309,,199,language,Tupian,languages
kusa1250,Kusaal,,10.9703,-0.38756,kusa1250,,1037,language,Atlantic-Congo,languages
kute1249,Kutenai,,48.7892,-115.065,kute1249,,728,language,,languages
kuwa1247,Kuwaa,,7.54885,-9.9765,kuwa1247,,1052,language,Kru,languages
kwak1269,Kwak'wala,,50.9269,-127.308,kwak1269,,583,language,Wakashan,languages
kwal1258,Kwalhioqua-Clatskanie,,46.111979,-123.209332,kwal1258,,729,language,Athabaskan-Eyak-Tlingit,languages
kwaz1243,Kwaza,,-11.6667,-61.1833,kwaz1243,,471,language,,languages
laca1243,Lacandon,,17.02093,-91.42348,laca1243,,507,language,Mayan,languages
lada1244,Leh Ladakhi,,34.14649,77.56261,lada1244,,878,language,Sino-Tibetan,languages
ladi1250,Ladin,,46.60651,11.89498,ladi1250,,132,language,Indo-European,languages
lakk1252,Lak,,42.1328,47.0809,lakk1252,,171,language,Nakh-Daghestanian,languages
lako1247,Lakota,,46.3699,-103.95,lako1247,,602,language,Siouan,languages
lala1264,Lala-Bisa,,-12.945,30.2297,lala1264,,970 972 973,language,Atlantic-Congo,languages
lama1275,Lama (Togo),,8.66954,0.833293,lama1275,,1039,language,Atlantic-Congo,languages
lamb1271,Lamba,,-12.3366,27.9026,lamb1271,,971,language,Atlantic-Congo,languages
lang1320,Langi,,-4.71413,35.9517,lang1320,,1162,language,Atlantic-Congo,languages
latv1249,Latvian,,56.826108,24.309118,latv1249,,5 61,language,Indo-European,languages
laur1250,Laurentian,,45.33,-72.5,laur1250,,626,language,Iroquoian,languages
lazz1240,Laz,,41.5004,41.9096,lazz1240,,142,language,Kartvelian,languages
leco1242,Leco,,-15.0092,-67.8818,leco1242,,225,language,,languages
lenj1248,Lenje,,-14.7192,28.2581,lenj1248,,954,language,Atlantic-Congo,languages
lezg1247,Lezgian,,41.5157,47.8951,lezg1247,,147,language,Nakh-Daghestanian,languages
libe1247,Liberia Kpelle,,6.92048,-9.96128,libe1247,,1049,language,Mande,languages
lill1248,Lillooet,,50.7272,-122.04,lill1248,,724,language,Salishan,languages
lith1251,Lithuanian,,55.1429,23.9601,lith1251,,62,language,Indo-European,languages
lizu1234,Lizu,,28.333425,101.350309,lizu1234,,846,language,Sino-Tibetan,languages
logu1236,Logudorese Sardinian,,40.49,9.09957,logu1236,,137,language,Indo-European,languages
loma1260,Loma (Liberia),,7.91585,-9.69906,loma1260,,1050,language,Mande,languages
loup1243,Nipmuck,,42.364,-72.731,loup1243,,628,language,Algic,languages
lowe1425,Lower Tanana,,64.8834,-149.451,lowe1425,,557,language,Athabaskan-Eyak-Tlingit,languages
lowe1427,Lower Chehalis,,46.7736,-124.004,lowe1427,,673,language,Salishan,languages
luba1250,Luba-Katanga,,-8.2816,25.8918,luba1250,,979,language,Atlantic-Congo,languages
luch1239,Luchazi,,-14.0648,22.2437,luch1239,,948,language,Atlantic-Congo,languages
luim1238,Luimbi,,-11.2221,17.5385,luim1238,,947,language,Atlantic-Congo,languages
luis1253,Luiseno-Juaneño,,33.3184,-116.939,luis1253,,735,language,Uto-Aztecan,languages
lule1238,Lule,,-25.221839,-61.887818,lule1238,,457,language,,languages
lund1266,Lunda,,-11.1793,23.8662,lund1266,,976,language,Atlantic-Congo,languages
lush1252,Northern Lushootseed,,48.42,-122.529,lush1252,,620,language,Salishan,languages
luva1239,Luvale,,-13.5382,22.2924,luva1239,,949,language,Atlantic-Congo,languages
luya1241,Luyi,,-15.01,22.67,luya1241,,974,language,Atlantic-Congo,languages
lyel1241,Lyélé,,12.4305,-2.59229,lyel1241,,1122,language,Atlantic-Congo,languages
maca1259,Hitnu,,6.34582,-71.2671,maca1259,,450,language,Guahiboan,languages
maca1260,Maká,,-25.0119,-57.3694,maca1260,,254,language,Mataguayan,languages
mach1265,Machinga,,-9.37101,39.4268,mach1265,,1000,language,Atlantic-Congo,languages
mach1267,Machiguenga,,-12.1291,-72.5017,mach1267,,336,language,Arawakan,languages
macu1259,Macushi,,4.31861,-60.2209,macu1259,,272,language,Cariban,languages
macu1260,Macuna,,-0.14459,-70.0749,macu1260,,367,language,Tucanoan,languages
maga1260,Magahi,,25.0915,85.3335,maga1260,,875,language,Indo-European,languages
mahi1248,Mahican,,42.587,-73.788,mahi1248,,675,language,Algic,languages
maip1247,Maipure-Avane,,4.8,-67.5,maip1247,,340,language,Arawakan,languages
mait1250,Maithili,,26.3817,86.2211,mait1250,,101,language,Indo-European,languages
maka1318,Makah,,48.3258,-124.616,maka1318,,676,language,Wakashan,languages
makh1264,Makhuwa,,-14.8509,38.8052,makh1264,,1010,language,Atlantic-Congo,languages
mako1251,Makonde,,-10.9906,39.5133,mako1251,,1001,language,Atlantic-Congo,languages
maku1246,Máku,,3.969231,-64.235892,maku1246,,397,language,,languages
mala1464,Malayalam,,9.59208,76.7651,mala1464,,862,language,Dravidian,languages
malb1235,Malba Birifor,,9.78465,-2.90623,malb1235,,1072,language,Atlantic-Congo,languages
male1292,Malecite-Passamaquoddy,,45.494475,-67.40805,male1292,,610,language,Algic,languages
male1297,Maléku Jaíka,,10.7485,-84.7318,male1297,,481,language,Chibchan,languages
mama1278,Mamaindé,,-12.986439,-60.101072,mama1278,,468,language,Nambiquaran,languages
mamm1241,Mam,,14.8034,-91.7231,mamm1241,,518,language,Mayan,languages
mamp1244,Mampruli,,10.3884,-0.74675,mamp1244,,1124,language,Atlantic-Congo,languages
mana1299,Manao,,-0.540066,-64.5186,mana1299,,398,language,Arawakan,languages
mand1415,Mandarin Chinese,,40.0209,116.228,mand1415,,859,language,Sino-Tibetan,languages
mand1436,Mandinka,,12.8165233333,-15.6539466667,mand1436,,1076,language,Mande,languages
mand1446,Mandan,,46.83,-101.0,mand1446,,603,language,Siouan,languages
mapi1252,Mapidian-Mawayana,,1.190187,-58.585983,mapi1252,,378,language,Arawakan,languages
mapu1245,Mapudungun,,-38.7392,-71.277,mapu1245,,233,language,Araucanian,languages
maqu1238,Ye'kwana,,4.70705,-64.3877,maqu1238,,303,language,Cariban,languages
mara1378,Marathi,,17.9344,76.6665,mara1378,,108,language,Indo-European,languages
mara1408,Marawan,,3.9,-51.8,mara1408,,286,language,Unattested,languages
mara1409,Maragua,,-3.0,-67.512818,mara1409,,386,language,Arawakan,languages
marb1239,Marba,,9.54,15.8,marb1239,,1145 1146,language,Afro-Asiatic,languages
mari1440,Maricopa,,33.5123,-111.749,mari1440,,785,language,Cochimi-Yuman,languages
mark1256,Marka,,12.7178,-3.58355,mark1256,,1127,language,Mande,languages
maru1252,Marúbo,,-6.60703,-72.4027,maru1252,,396,language,Pano-Tacanan,languages
masa1300,Masai,,-3.1419,36.4573,masa1300,,1016,language,Nilotic,languages
mata1275,Matanawí,,-8.84331,-61.41594,mata1275,,473,language,,languages
mata1288,Matagalpa,,13.0333,-86.0,mata1288,,483,language,Misumalpan,languages
mati1253,Matipuhy,,-12.0456,-53.3994,mati1253,,466,language,Cariban,languages
mats1244,Matsés,,-5.73914,-72.6281,mats1244,,387,language,Pano-Tacanan,languages
matt1238,Mattole-Bear River,,40.4321,-122.863,matt1238,,677,language,Athabaskan-Eyak-Tlingit,languages
matu1259,Matumbi,,-8.53734,39.0409,matu1259,,1014,language,Atlantic-Congo,languages
maxa1247,Maxakalí,,-16.9402,-40.7891,maxa1247,,291,language,Nuclear-Macro-Je,languages
maya1285,Mayangna,,14.1259,-84.3439,maya1285,,485,language,Misumalpan,languages
mayo1264,Mayo,,26.4522,-108.981,mayo1264,,493,language,Uto-Aztecan,languages
mban1263,Mbandja,,3.98003,19.4455,mban1263,,1009,language,Atlantic-Congo,languages
mbay1241,Mbay,,8.23066,15.7328,mbay1241,,1140,language,Central Sudanic,languages
mbes1238,Mbesa,,1.6207,22.8389,mbes1238,,988,language,Atlantic-Congo,languages
mbug1242,Mbugwe,,-3.75763,35.8133,mbug1242,,1161,language,Atlantic-Congo,languages
mbum1254,Mbum,,7.5789,14.2722,mbum1254,,1141,language,Atlantic-Congo,languages
mbya1239,Mbyá Guaraní,,-26.0188,-52.711,mbya1239,,246,language,Tupian,languages
mehi1240,Mehináku,,-12.5364,-53.521,mehi1240,,445,language,Arawakan,languages
mend1266,Mende (Sierra Leone),,7.90935,-10.9926,mend1266,,1051,language,Mande,languages
meno1252,Menominee,,44.9794,-88.6395,meno1252,,748,language,Algic,languages
meru1245,Meru,,0.26484,37.7396,meru1245,,1100,language,Atlantic-Congo,languages
mesc1238,Mescalero-Chiricahua Apache,,33.1291,-105.566,mesc1238,,740,language,Athabaskan-Eyak-Tlingit,languages
mesk1242,Meskwaki,,44.0,-89.0,mesk1242,,752,language,Algic,languages
mesm1239,Mesme,,9.28888,15.7018,mesm1239,,1148,language,Afro-Asiatic,languages
mezq1235,Mezquital Otomi,,20.2274,-99.5564,mezq1235,,504,language,Otomanguean,languages
miam1252,Miami,,40.0,-90.0,miam1252,,751,language,Algic,languages
mich1245,Michoacán Nahuatl,,18.3412,-103.361,mich1245,,535,language,Uto-Aztecan,languages
mika1239,Mikasuki,,31.5,-84.0,mika1239,,746,language,Muskogean,languages
mikm1235,Mi'kmaq,,46.0,-64.0,mikm1235,,611,language,Algic,languages
milu1241,Miluk,,43.3215,-124.258,milu1241,,678,language,Coosan,languages
ming1252,Mingrelian,,42.5129,41.8719,ming1252,,143,language,Kartvelian,languages
mini1256,Minica Huitoto,,-1.54535,-73.1107,mini1256,,352,language,Huitotoan,languages
minn1241,Min Nan Chinese,,24.5,118.17,minn1241,,835,language,Sino-Tibetan,languages
misk1235,Mískito,,15.1576,-84.2942,misk1235,,484,language,Misumalpan,languages
moch1257,Mocho,,15.4538,-92.1734,moch1257,,524,language,Mayan,languages
moch1259,Mochica,,-8.01667,-79.0,moch1259,,434,language,,languages
moco1246,Mocoví,,-28.097,-60.4145,moco1246,,236,language,Guaicuruan,languages
mode1248,Modern Greek,,38.36,23.13,mode1248,,31,language,Indo-European,languages
moha1256,Mohave,,34.8866,-114.599,moha1256,,766,language,Cochimi-Yuman,languages
moha1258,Mohawk,,43.72,-74.66836,moha1258,,631,language,Iroquoian,languages
mohe1244,Mohegan-Montauk-Narragansett,,41.8581,-72.1701,mohe1244,,627 754,language,Algic,languages
moks1248,Moksha,,54.1855,42.6728,moks1248,,818,language,Uralic,languages
mong1338,Mongo,,-1.54228,20.4259,mong1338,,990,language,Atlantic-Congo,languages
mono1270,Mono (Democratic Republic of Congo),,4.57915,19.8264,mono1270,,1012,language,Atlantic-Congo,languages
mono1275,Mono (USA),,37.1935,-119.347,mono1275,,712,language,Uto-Aztecan,languages
monq1236,Monqui,,,,monq1236,,786,language,Unclassifiable,languages
mont1268,Montagnais,,49.0533,-68.7376,mont1268,,592,language,Algic,languages
monz1249,Monzombo,,3.19008,18.5129,monz1249,,1008,language,Atlantic-Congo,languages
more1259,Morelos Nahuatl,,18.9161,-99.1322,more1259,,534,language,Uto-Aztecan,languages
mose1249,Mosetén-Chimané,,-14.64448,-67.83756,mose1249,,243,language,,languages
moss1236,Mossi,,11.95,-1.32,moss1236,,963,language,Atlantic-Congo,languages
movi1243,Movima,,-13.8115,-65.6348,movi1243,,257,language,,languages
mund1330,Mundurukú,,-8.41095,-57.691,mund1330,,205,language,Tupian,languages
muni1258,Muniche,,-5.7441796,-76.426712,muni1258,,436,language,,languages
munj1244,Munji,,35.9321,70.9404,munj1244,,887,language,Indo-European,languages
muns1251,Munsee,,41.11,-74.17,muns1251,,679,language,Algic,languages
muru1274,Murui Huitoto,,-1.13669,-73.8331,muru1274,,353,language,Huitotoan,languages
muse1242,Musey,,9.81612,15.4115,muse1242,,1147,language,Afro-Asiatic,languages
mwer1248,Mwera (Chimwera),,-9.75639,38.8762,mwer1248,,999,language,Atlantic-Congo,languages
nana1257,Nanai,,48.43426,134.79726,nana1257,,825,language,Tungusic,languages
nant1249,Nanticoke,,39.67781,-74.98648,nant1249,,680,language,Algic,languages
nask1242,Naskapi,,55.9316,-61.1318,nask1242,,593,language,Algic,languages
natc1249,Natchez,,31.75,-91.33,natc1249,,652 653,language,,languages
nava1243,Navajo,,36.33,-109.38,nava1243,,743,language,Athabaskan-Eyak-Tlingit,languages
naxi1245,Naxi,,27.5,100.0,naxi1245,,845,language,Sino-Tibetan,languages
nden1248,Ndengereko,,-7.54628,38.958,nden1248,,1017,language,Atlantic-Congo,languages
nden1249,Ndendeule,,-10.4203,36.0105,nden1249,,995,language,Atlantic-Congo,languages
nene1249,Tundra Nenets,,66.1775,71.0234,nene1249,,810 811,language,Uralic,languages
nepa1254,Nepali,,28.0,85.0,nepa1254,,96,language,Indo-European,languages
neut1237,Neutral-Atiouandaronk,,,,neut1237,,638,language,Unclassifiable,languages
nezp1238,Nez Perce,,46.3073,-116.408,nezp1238,,715,language,Sahaptian,languages
ngab1239,Ngäbere,,8.8251,-82.3911,ngab1239,,477,language,Chibchan,languages
ngam1268,Ngambay,,8.57051,15.414,ngam1268,,1093,language,Central Sudanic,languages
ngan1291,Nganasan,,73.1354,86.2106,ngan1291,,803,language,Uralic,languages
ngan1299,Ngangam,,10.2523,0.70509,ngan1299,,1041,language,Atlantic-Congo,languages
ngan1302,Ngando-Lalia,,-0.14363,22.6231,ngan1302,,989,language,Atlantic-Congo,languages
ngba1284,Ngbaka Ma'bo,,4.0,18.12,ngba1284,,1006,language,Atlantic-Congo,languages
ngba1285,Ngbaka Minagende,,2.98887,18.994,ngba1285,,1005,language,Atlantic-Congo,languages
ngba1287,Ngbaka Manza,,5.30167,18.4119,ngba1287,,1007,language,Atlantic-Congo,languages
nhen1239,Nhengatu,,1.04503,-66.9646,nhen1239,,294,language,Tupian,languages
nina1238,Ninam,,4.03894,-62.7801,nina1238,,298,language,Yanomamic,languages
nise1244,Nisenan,,38.047,-120.393,nise1244,,709,language,Maiduan,languages
niva1238,Nivaclé,,-22.8557,-61.7606,niva1238,,255,language,Mataguayan,languages
noma1263,Nomatsiguenga,,-11.5349,-74.4371,noma1263,,337,language,Arawakan,languages
nort2627,Eastern Low German,,53.115373,12.391439,nort2627,,88,language,Indo-European,languages
nort2641,Northern Kurdish,,37.0,43.0,nort2641,,117,language,Indo-European,languages
nort2671,North Saami,,68.725,22.1113,nort2671,,159,language,Uralic,languages
nort2697,North Azerbaijani,,40.97768,46.4737,nort2697,,180,language,Turkic,languages
nort2774,Northern Ngbandi,,3.56357,21.85251,nort2774,,1178,language,Atlantic-Congo,languages
nort2775,Northwest Gbaya,,5.9503,15.2569,nort2775,,1103,language,Atlantic-Congo,languages
nort2941,Northern Tutchone,,62.8235,-136.644,nort2941,,571,language,Athabaskan-Eyak-Tlingit,languages
nort2942,North Slavey,,63.5,-125.67,nort2942,,556 565 566,language,Athabaskan-Eyak-Tlingit,languages
nort2943,North Alaskan Inupiatun,,69.582,-143.77,nort2943,,547,language,Eskimo-Aleut,languages
nort2945,Seward Alaska Inupiatun,,64.77955,-161.80666,nort2945,,545,language,Eskimo-Aleut,languages
nort2951,Northwest Maidu,,39.6721,-121.368,nort2951,,703,language,Maiduan,languages
nort2952,Northeast Maidu,,40.4102,-120.645,nort2952,,704,language,Maiduan,languages
nort2954,Northern Paiute,,40.0799,-119.536,nort2954,,706,language,Uto-Aztecan,languages
nort2959,Northern Tepehuan,,26.4348,-107.379,nort2959,,491,language,Uto-Aztecan,languages
nort2972,Northern Emberá,,7.12761,-77.574,nort2972,,402,language,Chocoan,languages
norw1258,Norwegian,,59.92,10.71,norw1258,,81 82 83,language,Indo-European,languages
nott1246,Nottoway,,36.72,-77.115,nott1246,,640,language,Iroquoian,languages
nucl1235,Eastern Armenian,,40.0,45.0,nucl1235,,60,language,Indo-European,languages
nucl1301,Turkish,,39.8667,32.8667,nucl1301,,154,language,Turkic,languages
nucl1302,Georgian,,41.850397,43.78613,nucl1302,,140,language,Kartvelian,languages
nucl1305,Kannada,,13.5878,76.1198,nucl1305,,861,language,Dravidian,languages
nucl1347,Wolof,,15.2534,-15.383,nucl1347,,933,language,Atlantic-Congo,languages
nucl1396,Sena,,-19.7933,34.9829,nucl1396,,980,language,Atlantic-Congo,languages
nucl1417,Igbo,,4.62705,7.23441,nucl1417,,1029,language,Atlantic-Congo,languages
nucl1418,Bassa,,7.27501,-11.543,nucl1418,,1047,language,Kru,languages
nucl1649,Southern-Coastal Tsimshian,,52.59103,-128.544545,nucl1649,,580,language,Tsimshian,languages
nucl1695,Bole,,11.4839,11.2322,nucl1695,,1090,language,Afro-Asiatic,languages
nupe1254,Nupe-Nupe-Tako,,9.18404,5.40031,nupe1254,,1024,language,Atlantic-Congo,languages
nuuc1236,Nuu-chah-nulth,,49.67,-126.67,nuuc1236,,614,language,Wakashan,languages
nyak1260,Nyakyusa-Ngonde,,-9.71018,33.7763,nyak1260,,1164,language,Atlantic-Congo,languages
nyam1276,Nyamwezi,,-5.08559,32.94452,nyam1276,,984,language,Atlantic-Congo,languages
nyan1308,Nyanja,,-14.8047,32.8108,nyan1308,,1011,language,Atlantic-Congo,languages
nyar1245,Nyarafolo Senoufo,,9.66934,-5.11685,nyar1245,,1062,language,Atlantic-Congo,languages
nyat1246,Nyaturu,,-5.12263,34.6657,nyat1246,,1163,language,Atlantic-Congo,languages
nyor1246,Nyoro,,0.95294,31.3493,nyor1246,,992,language,Atlantic-Congo,languages
nzim1238,Nzima,,5.1785,-2.81123,nzim1238,,1056,language,Atlantic-Congo,languages
obis1242,Obispeño,,35.2873,-120.669,obis1242,,682,language,Chumashan,languages
obol1243,Obolo,,4.62851,7.81985,obol1243,,1073,language,Atlantic-Congo,languages
ocai1244,Ocaina,,-2.159,-72.1422,ocai1244,,354,language,Huitotoan,languages
occi1239,Occitan,,44.1415,6.82979,occi1239,,133 135,language,Indo-European,languages
ofay1240,Ofayé,,-22.278,-53.7227,ofay1240,,260,language,Nuclear-Macro-Je,languages
okan1243,Okanagan,,49.2745,-119.294,okan1243,,726,language,Salishan,languages
omah1247,Omaha-Ponca,,42.0944,-96.5295,omah1247,,597,language,Siouan,languages
onaa1245,Selk'nam,,-54.0,-68.5,onaa1245,,196,language,Chonan,languages
onei1249,Oneida,,43.438742,-75.708106,onei1249,,633,language,Iroquoian,languages
onon1246,Onondaga,,42.92,-76.12,onon1246,,634,language,Iroquoian,languages
orej1242,Maijiki,,-2.86315,-72.4926,orej1242,,312,language,Tucanoan,languages
ormu1247,Ormuri,,32.6819,69.3444,ormu1247,,886,language,Indo-European,languages
oroc1248,Oroch,,50.32354,137.85131,oroc1248,,823,language,Tungusic,languages
orok1266,Oroko,,4.89504,9.15209,orok1266,,1070,language,Atlantic-Congo,languages
osag1243,Osage,,36.7828,-96.2949,osag1243,,600,language,Siouan,languages
otom1301,Otomaco,,7.6197859,-66.4990389,otom1301,,410,language,Otomaco-Taparita,languages
otuk1240,Otuke,,-15.2698,-59.6986,otuk1240,,444,language,Bororoan,languages
paca1246,Pacahuara,,-11.9968,-65.5568,paca1246,,393,language,Pano-Tacanan,languages
paci1278,Pacific Gulf Yupik,,60.4238,-148.043,paci1278,,549,language,Eskimo-Aleut,languages
paez1247,Páez,,2.61516,-76.31254,paez1247,,326,language,,languages
paip1241,Paipai,,31.6063,-115.871,paip1241,,770,language,Cochimi-Yuman,languages
pait1247,Pai Tavytera,,-23.15945,-56.11758,pait1247,,249,language,Tupian,languages
paiw1248,Paiwan,,22.3271,120.806,paiw1248,,853,language,Austronesian,languages
pala1342,Palaka Senoufo,,9.53815,-4.9271,pala1342,,1063,language,Atlantic-Congo,languages
pali1279,Palikúr,,3.63993,-51.6246,pali1279,,262,language,Arawakan,languages
pana1305,Panamint,,36.0007,-117.901,pana1305,,711,language,Uto-Aztecan,languages
panj1256,Eastern Panjabi,,30.0368,75.6702,panj1256,,98,language,Indo-European,languages
pank1250,Pankararú,,-8.99999,-37.0167,pank1250,,413,language,,languages
para1299,Parachi,,36.0432,70.8805,para1299,,119,language,Indo-European,languages
para1311,Paraguayan Guaraní,,-25.60551,-57.08816,para1311,,247,language,Tupian,languages
para1316,Paraujano,,10.8427,-71.8399,para1316,,343,language,Arawakan,languages
pare1272,Parecís,,-14.5929,-57.4059,pare1272,,301,language,Arawakan,languages
pass1250,Passe,,-2.596949,-68.468643,pass1250,,380,language,Arawakan,languages
paum1247,Paumari,,-5.78403,-64.2803,paum1247,,333,language,Arawan,languages
paun1241,Paunaka,,-14.353747,-63.086994,paun1241,,281,language,Arawakan,languages
pawn1254,Pawnee,,36.2862,-96.8937,pawn1254,,658,language,Caddoan,languages
pech1241,Pech,,15.8033,-85.558,pech1241,,539,language,Chibchan,languages
pemo1248,Pemon,,4.97031,-61.4033,pemo1248,,304,language,Cariban,languages
pent1242,Pentlatch,,49.1936,-124.689,pent1242,,617,language,Salishan,languages
peri1250,Pericú,,23.316718,-109.614813,peri1250,,780,language,Unclassifiable,languages
peri1253,Peripheral Mongolian,,42.4208,110.157,peri1253,,829,language,Mongolic-Khitan,languages
piap1246,Piapoco,,4.37718,-68.5953,piap1246,,306,language,Arawakan,languages
piar1243,Piaroa,,4.41805,-67.7574,piar1243,,348,language,Saliban,languages
pila1245,Pilagá,,-25.0058,-60.1537,pila1245,,253,language,Guaicuruan,languages
pima1248,Pima Bajo,,28.654,-108.326,pima1248,,763,language,Uto-Aztecan,languages
pira1253,Pirahã,,-6.77713,-61.8167,pira1253,,356,language,,languages
plai1258,Plains Cree,,51.2437,-110.463,plai1258,,590,language,Algic,languages
plat1254,Plateau Malagasy,,-19.5907,47.1211,plat1254,,890,language,Austronesian,languages
poko1261,Pokomo,,-2.31587,40.2897,poko1261,,1154,language,Atlantic-Congo,languages
poli1260,Polish,,51.8439,18.6255,poli1260,,70,language,Indo-European,languages
poqo1253,Poqomam,,14.73252,-89.73796,poqo1253,,520,language,Mayan,languages
poqo1254,Poqomchi',,15.3586,-90.5813,poqo1254,,526,language,Mayan,languages
port1283,Portuguese,,39.91,-8.1,port1283,,37,language,Indo-European,languages
pota1247,Potawatomi,,40.955,-89.1881,pota1247,,683,language,Algic,languages
pott1240,Pottangi Ollar Gadaba,,18.5968,82.7586,pott1240,,869,language,Dravidian,languages
powh1243,Powhatan,,36.99422,-77.20752,powh1243,,778,language,Algic,languages
pras1239,Prasun,,35.420531,70.922783,pras1239,,125,language,Indo-European,languages
puel1244,Puelche,,-42.223,-68.666,puel1244,,245,language,,languages
puin1248,Puinave,,3.92974,-67.6886,puin1248,,448,language,,languages
pula1262,Pular,,12.1826,-12.7338,pula1262,,1042,language,Atlantic-Congo,languages
pume1238,Pumé,,7.10677,-67.5996,pume1238,,411,language,,languages
puqu1242,Puquina,,-15.8992,-69.9611,puqu1242,,226,language,,languages
puri1259,Purisimeño,,34.6866,-120.431,puri1259,,684,language,Chumashan,languages
puru1264,Puruborá,,-11.4226,-62.4358,puru1264,,358,language,Tupian,languages
puta1243,Putai,,10.83854,12.99521,puta1243,,1109,language,Afro-Asiatic,languages
qanj1241,Q'anjob'al,,15.6846,-91.3043,qanj1241,,523,language,Mayan,languages
qawa1238,Qawasqar,,-49.303195,-74.707536,qawa1238,,237,language,Kawesqar,languages
quap1242,Quapaw,,34.15,-92.0,quap1242,,601,language,Siouan,languages
quec1382,Quechan,,32.7859,-114.599,quec1382,,767,language,Cochimi-Yuman,languages
quig1235,Quignam,,-8.099583,-79.053383,quig1235,,433,language,Unclassifiable,languages
quil1240,Quileute,,47.9106,-124.603,quil1240,,685,language,Chimakuan,languages
quin1251,Quinault,,47.4214,-124.16,quin1251,,686,language,Salishan,languages
rama1270,Rama,,11.5007,-83.8571,rama1270,,482,language,Chibchan,languages
rikb1245,Rikbaktsa,,-11.1887,-58.1942,rikb1245,,359,language,Nuclear-Macro-Je,languages
roma1326,Romansh,,46.5538,9.92812,roma1326,,40,language,Indo-European,languages
roma1327,Romanian,,46.3913,24.2256,roma1327,,136,language,Indo-European,languages
russ1263,Russian,,59.0,50.0,russ1263,,63,language,Indo-European,languages
russ1264,Russia Buriat,,50.85331,105.5637,russ1264,,799,language,Mongolic-Khitan,languages
rutu1240,Rutul,,41.6187,47.3244,rutu1240,,179,language,Nakh-Daghestanian,languages
saba1268,Sabanê,,-12.9857,-60.335,saba1268,,282,language,Nambiquaran,languages
saga1256,Sagala,,-6.98537,36.9153,saga1256,,1018,language,Atlantic-Congo,languages
saho1246,Saho,,14.75,39.75,saho1246,,911,language,Afro-Asiatic,languages
sala1264,Salar,,35.5457,102.819,sala1264,,837,language,Turkic,languages
sala1266,Sala,,-15.5848,27.4534,sala1266,,955,language,Atlantic-Congo,languages
sali1253,Salinan,,36.18753,-121.05221,sali1253,,732,language,,languages
sali1298,Sáliba,,5.30115,-69.3843,sali1298,,349,language,Saliban,languages
samb1315,Samburu,,1.60735,37.0539,samb1315,,1096,language,Nilotic,languages
sanb1242,San Blas Kuna,,9.15686,-78.3075,sanb1242,,475,language,Chibchan,languages
sanj1285,San Juan Atzingo Popoloca,,18.22245,-97.37923,sanj1285,,514,language,Otomanguean,languages
sank1253,Sankaran Maninka,,10.0962,-10.569,sank1253,,1077,language,Mande,languages
sant1432,Santiago del Estero Quichua,,-27.821,-63.2466,sant1432,,228,language,Quechuan,languages
sanu1240,Sanumá,,4.5,-64.5,sanu1240,,299,language,Yanomamic,languages
sape1238,Sapé,,4.0735661,-62.9666521,sape1238,,451,language,,languages
sara1321,Sara Kaba Náà,,9.39388,19.2566,sara1321,,1095,language,Central Sudanic,languages
sara1331,Saraveca,,-16.07,-57.8,sara1331,,300,language,Arawakan,languages
sari1246,Sarikoli,,37.905,75.1449,sari1246,,838,language,Indo-European,languages
sars1236,Sarsi,,50.8822,-114.301,sars1236,,612,language,Athabaskan-Eyak-Tlingit,languages
sate1243,Sateré-Mawé,,-3.63897,-56.8749,sate1243,,207,language,Tupian,languages
scot1245,Scottish Gaelic,,56.7574,-5.24366,scot1245,,76,language,Indo-European,languages
sech1236,Sechuran,,-5.568969,-80.828247,sech1236,,435,language,,languages
sech1246,Sechelt,,49.4757,-123.765,sech1246,,616,language,Salishan,languages
seco1241,Secoya,,-0.459785,-75.5547,seco1241,,311,language,Tucanoan,languages
seka1250,Sekani,,57.4421,-125.664,seka1250,,568,language,Athabaskan-Eyak-Tlingit,languages
selk1253,Selkup,,59.9409,82.3004,selk1253,,804,language,Uralic,languages
sene1264,Seneca,,42.56,-77.53,sene1264,,632,language,Iroquoian,languages
sere1260,Sereer,,13.8941,-16.3916,sere1260,,1043,language,Atlantic-Congo,languages
seri1257,Seri,,28.9877,-112.384,seri1257,,762,language,,languages
serr1255,Serrano,,33.9479,-116.772,serr1255,,789,language,Uto-Aztecan,languages
seve1240,Severn Ojibwa,,53.9092,-89.9331,seve1240,,587,language,Algic,languages
sham1280,Shambala,,-4.8,38.29,sham1280,,1004,language,Atlantic-Congo,languages
shan1291,Shanjo,,-17.309869,25.814035,shan1291,,953,language,Atlantic-Congo,languages
shaw1249,Shawnee,,40.0,-83.0,shaw1249,,750,language,Algic,languages
sheb1234,Shebayo,,6.74291,-58.64639,sheb1234,,264,language,Arawakan,languages
sher1258,Sherbro,,7.77585,-12.7405,sher1258,,1114,language,Atlantic-Congo,languages
shin1264,Shina,,34.6515,75.287,shin1264,,879,language,Indo-European,languages
ship1254,Shipibo-Conibo,,-7.17105,-74.8219,ship1254,,259,language,Pano-Tacanan,languages
shon1251,Shona,,-17.20849,29.75725,shon1251,,968,language,Atlantic-Congo,languages
shor1247,Mrassu Shor-Tutal,,53.70953,87.84468,shor1247,,805,language,Turkic,languages
shos1248,Shoshoni,,41.0,-116.0,shos1248,,714,language,Uto-Aztecan,languages
shua1257,Shuar,,-3.45136,-78.1892,shua1257,,313,language,Chicham,languages
shug1248,Shughni,,37.5018,71.7925,shug1248,,112,language,Indo-European,languages
shus1248,Shuswap,,50.8734,-119.667,shus1248,,613,language,Salishan,languages
sich1238,Sichuan Yi,,28.1947,102.121,sich1238,,844,language,Sino-Tibetan,languages
siks1238,Siksika,,49.0669,-113.109,siks1238,,586,language,Algic,languages
sind1272,Sindhi,,26.0,69.0,sind1272,,104,language,Indo-European,languages
sinh1246,Sinhala,,8.0,81.0,sinh1246,,106,language,Indo-European,languages
sion1247,Siona-Tetete,,0.31733,-76.0237,sion1247,,447,language,Tucanoan,languages
siri1273,Sirionó,,-15.5298,-63.9688,siri1273,,208,language,Tupian,languages
sius1254,Siuslaw,,42.5111,-124.379,sius1254,,687,language,,languages
skol1241,Skolt Saami,,68.8326,29.7204,skol1241,,806,language,Uralic,languages
slov1268,Slovenian,,46.2543,14.7766,slov1268,,68,language,Indo-European,languages
slov1269,Slovak,,48.545705,18.78479,slov1269,,183,language,Indo-European,languages
soli1239,Soli,,-15.5213,28.7934,soli1239,,952,language,Atlantic-Congo,languages
soma1255,Somali,,4.778704,45.152856,soma1255,,906,language,Afro-Asiatic,languages
soni1259,Soninke,,13.1273,-11.7178,soni1259,,1078,language,Mande,languages
sout1528,Serbian-Croatian-Bosnian,,44.15,18.81,sout1528,,66 67,language,Indo-European,languages
sout1549,Southeastern Kolami,,19.6908,78.5936,sout1549,,866,language,Dravidian,languages
sout2642,Southern Balochi,,26.0,64.0,sout2642,,115,language,Indo-European,languages
sout2694,Southern Altai,,50.1347,86.8705,sout2694,,184,language,Turkic,languages
sout2750,Southern Yukaghir,,64.218,154.375,sout2750,,796,language,Yukaghir,languages
sout2778,Southern Kisi,,8.32448,-10.3377,sout2778,,1117,language,Atlantic-Congo,languages
sout2785,Southwest Gbaya,,4.70037,14.9569,sout2785,,1104 1105,language,Atlantic-Congo,languages
sout2789,Central Dagaare,,10.4226,-2.52265,sout2789,,1120,language,Atlantic-Congo,languages
sout2807,Southern Sotho,,-28.78,27.89,sout2807,,902,language,Atlantic-Congo,languages
sout2826,Southern Grebo,,4.47607,-7.56872,sout2826,,965,language,Kru,languages
sout2840,Southern Bobo Madaré,,11.5409,-4.26497,sout2840,,1129,language,Mande,languages
sout2957,Southern Tutchone,,60.7823,-136.573,sout2957,,570,language,Athabaskan-Eyak-Tlingit,languages
sout2959,South Slavey,,59.8794,-117.047,sout2959,,555,language,Athabaskan-Eyak-Tlingit,languages
sout2976,Southeastern Tepehuan,,23.1584,-103.983,sout2976,,492,language,Uto-Aztecan,languages
sout2991,South Bolivian Quechua,,-20.9201,-66.3331,sout2991,,227,language,Quechuan,languages
sout2994,Southern Nambikuára,,-14.3707,-59.5187,sout2994,,467,language,Nambiquaran,languages
sout2996,Southern Aymara,,-17.1417,-70.3442,sout2996,,229,language,Aymaran,languages
squa1248,Squamish,,49.3231,-123.014,squa1248,,618,language,Salishan,languages
stan1288,Spanish,,40.4414,-1.11788,stan1288,,138,language,Indo-European,languages
stan1289,Catalan,,41.453,1.569,stan1289,,128,language,Indo-European,languages
stan1290,French,,48.0,2.0,stan1290,,129,language,Indo-European,languages
stan1293,English,,53.0,-1.0,stan1293,,26,language,Indo-European,languages
stan1295,German,,48.649,12.4676,stan1295,,87,language,Indo-European,languages
stra1244,Northern Straits Salish,,48.51614,-123.757114,stra1244,,720,language,Salishan,languages
suii1243,Sui,,24.0488,106.563,suii1243,,840,language,Tai-Kadai,languages
suku1261,Sukuma,,-3.16082,32.8765,suku1261,,1168,language,Atlantic-Congo,languages
suma1264,Suma,,7.0953,17.0093,suma1264,,1144,language,Atlantic-Congo,languages
sumb1240,Sumbwa,,-3.47335,31.9457,sumb1240,,1171,language,Atlantic-Congo,languages
supy1237,Supyire Senoufo,,11.632,-5.87709,supy1237,,1079,language,Atlantic-Congo,languages
suru1262,Suruí,,-11.0989,-61.2818,suru1262,,209,language,Tupian,languages
susq1241,Susquehannock,,41.169,-76.208,susq1241,,639,language,Iroquoian,languages
susu1250,Susu,,10.4046,-13.3628,susu1250,,1115,language,Mande,languages
suya1243,Suyá,,-11.5178,-53.0743,suya1243,,420,language,Nuclear-Macro-Je,languages
svan1243,Svan,,42.9134,42.5915,svan1243,,141,language,Kartvelian,languages
swah1253,Swahili,,-8.25605,37.624,swah1253,,967,language,Atlantic-Congo,languages
swam1239,Swampy Cree,,56.0,-95.0,swam1239,,594 595,language,Algic,languages
swat1243,Swati,,-26.0,31.5,swat1243,,900,language,Atlantic-Congo,languages
swed1254,Swedish,,59.800634,17.389526,swed1254,,24,language,Indo-European,languages
swis1247,Central Alemannic,,47.0516,8.46419,swis1247,,89,language,Indo-European,languages
taba1259,Tabasaran,,42.0198,47.8379,taba1259,,176,language,Nakh-Daghestanian,languages
taba1266,Tabasco Chontal,,18.1713,-92.7367,taba1266,,501,language,Mayan,languages
tagi1240,Tagish,,60.242,-134.799,tagi1240,,563,language,Athabaskan-Eyak-Tlingit,languages
tagw1240,Tagwana Senoufo,,8.67053,-5.17372,tagw1240,,1065,language,Atlantic-Congo,languages
tahl1239,Tahltan,,58.4498,-130.052,tahl1239,,573,language,Athabaskan-Eyak-Tlingit,languages
taji1245,Tajik,,38.8213,68.5549,taji1245,,121,language,Indo-European,languages
take1257,Takelma,,42.423,-123.452,take1257,,716,language,,languages
taly1247,North-Central Talysh,,38.4552,48.6349,taly1247,,122,language,Indo-European,languages
tami1289,Tamil,,10.520219,78.825989,tami1289,,864,language,Dravidian,languages
tana1289,Dena'ina,,60.4712,-150.759,tana1289,,550,language,Athabaskan-Eyak-Tlingit,languages
tana1290,Tanacross,,63.4046,-143.338,tana1290,,572,language,Athabaskan-Eyak-Tlingit,languages
tapi1253,Tapieté,,-21.4169,-62.684,tapi1253,,210,language,Tupian,languages
tara1303,Tarairiu,,-5.6988166,-36.1576346,tara1303,,332,language,Unclassifiable,languages
taro1264,Seediq,,23.9032,121.358,taro1264,,857,language,Austronesian,languages
taru1236,Taruma,,1.666,-58.653,taru1236,,454,language,,languages
tata1255,Tatar,,55.79592,49.11577,tata1255,,820,language,Turkic,languages
tatu1247,Tatuyo,,0.55582,-70.5327,tatu1247,,365,language,Tucanoan,languages
teen1242,Téén,,9.84556,-3.71183,teen1242,,1084,language,Atlantic-Congo,languages
tehu1242,Tehuelche,,-47.5796,-68.3235,tehu1242,,234,language,Chonan,languages
telu1262,Telugu,,16.4529,78.7024,telu1262,,863,language,Dravidian,languages
temb1276,Tenetehara,,-2.6123,-48.2359,temb1276,,201 211,language,Tupian,languages
tenh1241,Tenharim-Parintintin-Diahoi,,-7.92626,-61.936,tenh1241,,357,language,Tupian,languages
tera1251,Tera,,11.0376,11.80953,tera1251,,1089,language,Afro-Asiatic,languages
tere1279,Terena-Kinikinao-Chane,,-20.6614,-56.0329,tere1279,,425 424,language,Arawakan,languages
thom1243,Thompson,,50.1668,-120.193,thom1243,,723,language,Salishan,languages
tibe1272,Tibetan,,28.3681,90.1872,tibe1272,,827,language,Sino-Tibetan,languages
ticu1245,Ticuna,,-3.66289,-69.8723,ticu1245,,460,language,Ticuna-Yuri,languages
tigo1236,Tigon Mbembe,,6.983995,10.70849,tigo1236,,1135,language,Atlantic-Congo,languages
tigr1270,Tigre,,17.3494,38.2233,tigr1270,,912,language,Afro-Asiatic,languages
tigr1271,Tigrinya,,15.3359,38.9266,tigr1271,,913,language,Afro-Asiatic,languages
tika1246,Tikar,,5.87004,11.6104,tika1246,,1137,language,Atlantic-Congo,languages
till1254,Tillamook,,45.5,-123.83,till1254,,688,language,Salishan,languages
timn1235,Timne,,8.90294,-12.3331,timn1235,,1116,language,Atlantic-Congo,languages
timo1237,Timote-Cuica,,8.848165,-70.975342,timo1237,,408,language,,languages
timu1245,Timucua,,30.3027,-82.3132,timu1245,,647,language,,languages
tivv1240,Tiv,,6.88039,9.26287,tivv1240,,1132,language,Atlantic-Congo,languages
tlin1245,Tlingit,,59.4447,-135.29,tlin1245,,562,language,Athabaskan-Eyak-Tlingit,languages
toba1269,Toba,,-23.77,-61.96,toba1269,,252,language,Guaicuruan,languages
toho1245,Tohono O'odham,,31.7973,-111.995,toho1245,,764,language,Uto-Aztecan,languages
tojo1241,Tojolabal,,16.2572,-91.7825,tojo1241,,510,language,Mayan,languages
tolo1259,Tolowa-Chetco,,41.9192,-124.1,tolo1259,,689,language,Athabaskan-Eyak-Tlingit,languages
tong1318,Tonga (Zambia),,-17.422325,27.103495,tong1318,,951,language,Atlantic-Congo,languages
tong1320,Tongwe,,-6.43051,30.0807,tong1320,,978,language,Atlantic-Congo,languages
tong1329,Tongva,,34.1,-118.11,tong1329,,734,language,Uto-Aztecan,languages
toor1238,Tooro,,0.57291,30.6389,toor1238,,1167,language,Atlantic-Congo,languages
tosk1239,Northern Tosk Albanian,,41.0,20.0,tosk1239,,59,language,Indo-European,languages
treg1243,Tregami,,34.998117,71.099792,treg1243,,126,language,Indo-European,languages
trio1238,Trió,,2.53616,-55.7599,trio1238,,274,language,Cariban,languages
trum1247,Trumai,,-11.8119,-53.5717,trum1247,,474,language,,languages
tsak1249,Tsakhur,,41.5916,46.8858,tsak1249,,178,language,Nakh-Daghestanian,languages
tset1236,Tsetsaut,,55.5,-130.08,tset1236,,569,language,Athabaskan-Eyak-Tlingit,languages
tswa1253,Tswana,,-24.368,24.7587,tswa1253,,893,language,Atlantic-Congo,languages
tswa1255,Tswa,,-22.9891,32.4287,tswa1255,,981,language,Atlantic-Congo,languages
tual1242,Tualatin-Yamhill,,45.327,-122.955,tual1242,,690,language,Kalapuyan,languages
tuba1278,Tübatulabal,,35.327,-117.163,tuba1278,,738,language,Uto-Aztecan,languages
tuki1240,Tuki,,4.64348,11.5353,tuki1240,,1075,language,Atlantic-Congo,languages
tumb1250,Tumbuka,,-11.3297,33.3738,tumb1250,,977,language,Atlantic-Congo,languages
tumu1242,Tumulung Sisaala,,10.63451,-1.79707,tumu1242,,1035,language,Atlantic-Congo,languages
tune1261,Tunen,,4.75,10.67,tune1261,,1071,language,Atlantic-Congo,languages
tunu1234,Tunumiisiut,,65.613611,-37.631111,tunu1234,,898,language,Eskimo-Aleut,languages
tupi1273,Tupinambá,,-22.807778,-42.106389,tupi1273,,212,language,Tupian,languages
turk1304,Turkmen,,37.08719,59.17574,turk1304,,153,language,Turkic,languages
turk1308,Turkana,,4.30688,35.7101,turk1308,,1097,language,Nilotic,languages
tusc1257,Tuscarora,,35.75362,-77.60117,tusc1257,,641,language,Iroquoian,languages
tute1247,Tutelo,,37.67,-78.75,tute1247,,642,language,Siouan,languages
tutu1242,Tututni,,42.5563,-124.293,tutu1242,,691,language,Athabaskan-Eyak-Tlingit,languages
tuvi1240,Tuvinian,,51.7,94.36667,tuvi1240,,181,language,Turkic,languages
tuxa1239,Tuxá,,-8.953642,-38.2742287,tuxa1239,,416,language,,languages
tuyu1244,Tuyuca,,0.39441,-70.043515,tuyu1244,,366,language,Tucanoan,languages
twan1247,Twana,,47.48952,-123.21227,twan1247,,692,language,Salishan,languages
tzel1254,Tzeltal,,16.6384,-92.2786,tzel1254,,509,language,Mayan,languages
tzot1259,Tzotzil,,16.6362,-92.7388,tzot1259,,508,language,Mayan,languages
tzut1248,Tz'utujil,,14.6351,-91.2012,tzut1248,,517,language,Mayan,languages
uain1239,Uainuma-Mariate,,-1.676121,-71.149307,uain1239,,462,language,Arawakan,languages
uamu1236,Uamué,,-8.49999,-38.75,uamu1236,,415,language,Unclassifiable,languages
udih1248,Udihe,,46.63086,135.67762,udih1248,,824,language,Tungusic,languages
udii1243,Udi,,40.9,47.7236,udii1243,,163,language,Nakh-Daghestanian,languages
udmu1245,Udmurt,,56.12921,52.63548,udmu1245,,815,language,Uralic,languages
uigh1240,Uighur,,43.88,87.38,uigh1240,,151,language,Turkic,languages
uiri1238,Uirina,,0.487142,-64.265915,uiri1238,,375,language,Arawakan,languages
ukra1253,Ukrainian,,49.796,29.945,ukra1253,,64,language,Indo-European,languages
umbu1257,Umbundu,,-12.4763,14.4148,umbu1257,,936,language,Atlantic-Congo,languages
unam1242,Unami,,40.4,-74.3,unam1242,,693,language,Algic,languages
uppe1395,Upper Sorbian,,51.2403,14.4098,uppe1395,,71,language,Indo-European,languages
uppe1436,Upper Umpqua,,43.22,-123.36,uppe1436,,695,language,Athabaskan-Eyak-Tlingit,languages
uppe1437,Upper Tanana,,62.6867,-141.37,uppe1437,,575,language,Athabaskan-Eyak-Tlingit,languages
uppe1438,Upper Kuskokwim,,62.2976,-155.951,uppe1438,,574,language,Athabaskan-Eyak-Tlingit,languages
uppe1439,Upper Chehalis,,46.7981,-123.169,uppe1439,,694,language,Salishan,languages
urar1246,Urarina,,-4.44006,-75.4211,urar1246,,319 320,language,,languages
urdu1245,Urdu,,25.0,67.0,urdu1245,,92,language,Indo-European,languages
urub1250,Urubú-Kaapor,,-2.46455,-46.2204,urub1250,,213,language,Tupian,languages
urup1245,Urupa,,-10.25,-62.75,urup1245,,470,language,Chapacuran,languages
uruu1244,Uru,,-16.72547,-68.97119,uruu1244,,230,language,Uru-Chipaya,languages
uspa1245,Uspanteco,,15.3648,-90.8893,uspa1245,,522,language,Mayan,languages
utes1238,Ute-Southern Paiute,,40.0965,-110.305,utes1238,,756 757 758,language,Uto-Aztecan,languages
vaii1241,Vai,,7.05085,-11.3262,vaii1241,,1113,language,Mande,languages
vend1245,Venda,,-22.188,29.9523,vend1245,,985,language,Atlantic-Congo,languages
vent1242,Ventureño,,34.1761,-119.035,vent1242,,733 775,language,Chumashan,languages
vidu1238,Vidunda,,-7.52674,36.9316,vidu1238,,1015,language,Atlantic-Congo,languages
vile1241,Vilela,,-24.9161,-62.52232,vile1241,,439,language,,languages
vute1244,Vute,,6.13603,11.8839,vute1244,,945,language,Atlantic-Congo,languages
waig1243,Nuristani Kalasha,,35.191171,70.993533,waig1243,,127,language,Indo-European,languages
wail1244,Eel River Athabaskan,,39.1513,-123.284,wail1244,,696,language,Athabaskan-Eyak-Tlingit,languages
waim1253,Waimiri-Atroari,,-0.61832,-60.4259,waim1253,,241,language,Cariban,languages
waiw1244,Waiwai,,1.50881,-59.1417,waiw1244,,273,language,Cariban,languages
wakh1245,Wakhi,,37.1768,73.9777,wakh1245,,113,language,Indo-European,languages
wall1255,Walloon,,50.2235,5.14509,wall1255,,139,language,Indo-European,languages
wamp1250,Wampano,,41.2021,-73.3798,wamp1250,,753,language,Algic,languages
waor1240,Waorani,,-1.12312,-76.683,waor1240,,324,language,,languages
wapi1253,Wapishana,,2.58744,-59.8021,wapi1253,,344 345,language,Arawakan,languages
wapp1239,Wappo,,38.25,-122.5,wapp1239,,707,language,Yuki-Wappo,languages
wara1303,Warao,,7.50851,-59.3528,wara1303,,296,language,,languages
wasc1239,Upper Chinook,,45.0278,-121.509,wasc1239,,672,language,Chinookan,languages
wash1253,Washo,,38.8184,-119.64,wash1253,,705,language,,languages
waur1244,Waurá,,-13.296,-53.6971,waur1244,,382,language,Arawakan,languages
waya1269,Wayana,,2.77537,-54.4429,waya1269,,271,language,Cariban,languages
waya1270,Wayampi,,1.73817,-52.6887,waya1270,,206,language,Tupian,languages
wayu1243,Wayuu,,11.395566,-72.199791,wayu1243,,267,language,Arawakan,languages
wels1247,Welsh,,52.0,-4.0,wels1247,,74,language,Indo-European,languages
wenr1236,Wenro,,43.14,-78.475563,wenr1236,,636,language,Unclassifiable,languages
west1510,Western Ojibwa,,50.5664,-102.525,west1510,,588,language,Algic,languages
west2354,Western Frisian,,53.143,5.86091,west2354,,86,language,Indo-European,languages
west2369,Western Farsi,,32.9,53.3,west2369,,120,language,Indo-European,languages
west2386,Western Panjabi,,30.0948,75.3474,west2386,,103,language,Indo-European,languages
west2615,Western Apache,,33.8574,-110.123,west2615,,739,language,Athabaskan-Eyak-Tlingit,languages
west2618,Western Canadian Inuktitut,,64.3486,-96.148,west2618,,895,language,Eskimo-Aleut,languages
west2630,Western Abenaki,,46.1381,-72.6511,west2630,,625,language,Algic,languages
west2640,Western Bolivian Guaraní,,-20.2819,-64.1662,west2640,,443,language,Tupian,languages
wich1260,Wichita,,35.0665,-98.1831,wich1260,,655,language,Caddoan,languages
wich1263,Vejoz,,-24.2189,-61.9117,wich1263,,288,language,Mataguayan,languages
wint1259,Wintu,,39.7176,-122.445,wint1259,,700,language,Wintuan,languages
wiyo1248,Wiyot,,39.2492,-122.952,wiyo1248,,699,language,Algic,languages
woje1238,Wojenaka,,9.72582,-7.6104,woje1238,,1112,language,Mande,languages
wood1236,Woods Cree,,57.0,-99.0,wood1236,,591,language,Algic,languages
woun1238,Woun Meu,,8.5,-78.0,woun1238,,401,language,Chocoan,languages
wuch1236,Wu Chinese,,29.8621,119.682,wuch1236,,833 834,language,Sino-Tibetan,languages
wyan1247,Huron-Wyandot,,44.33,-77.5,wyan1247,,630,language,Iroquoian,languages
xava1240,Xavánte,,-14.3017,-52.4367,xava1240,,279,language,Nuclear-Macro-Je,languages
xere1240,Xerénte,,-9.59426,-48.2629,xere1240,,280,language,Nuclear-Macro-Je,languages
xing1248,Xingú Asuriní,,-4.13463,-52.321,xing1248,,197,language,Tupian,languages
xokl1240,Xokleng,,-26.9217,-49.5886,xokl1240,,191 217,language,Nuclear-Macro-Je,languages
xuku1239,Xukurú,,-8.6606156,-37.0869089,xuku1239,,414,language,,languages
yaba1249,Yabaâna-Mainatari,,0.58332,-65.5,yaba1249,,374,language,Arawakan,languages
yagn1238,Yagnobi,,39.1486,69.2422,yagn1238,,114,language,Indo-European,languages
yagu1244,Yagua,,-3.42913,-72.2186,yagu1244,,369,language,Peba-Yagua,languages
yaki1237,Northwest Sahaptin,,46.2655,-120.756,yaki1237,,717,language,Sahaptian,languages
yaku1245,Sakha,,61.69744,133.98031,yaku1245,,821,language,Turkic,languages
yalu1240,Yalunka,,9.97186,-11.2836,yalu1240,,1111,language,Mande,languages
yama1264,Yámana,,-55.2748,-68.2648,yama1264,,235,language,,languages
yami1254,Yami,,22.055,121.544,yami1254,,858,language,Austronesian,languages
yami1256,Yaminahua,,-9.8846,-71.5964,yami1256,,394,language,Pano-Tacanan,languages
yana1271,Yana,,39.2769,-121.608,yana1271,,702,language,,languages
yane1238,Yanesha',,-10.5454,-75.315,yane1238,,339,language,Arawakan,languages
yano1261,Yanomamö,,1.67967,-64.8781,yano1261,,297,language,Yanomamic,languages
yano1262,Yanomám,,2.48999,-62.8522,yano1262,,464,language,Yanomamic,languages
yaoo1241,Yao,,-13.6119,35.2387,yaoo1241,,1002,language,Atlantic-Congo,languages
yaqu1251,Yaqui,,29.9446,-110.681,yaqu1251,,487,language,Uto-Aztecan,languages
yawa1261,Yawalapití,,-12.5104,-53.4236,yawa1261,,373,language,Arawakan,languages
yazg1240,Yazgulyam,,38.2801,71.565,yazg1240,,884,language,Indo-European,languages
yidg1240,Yidgha,,36.014,71.5077,yidg1240,,888,language,Indo-European,languages
yine1238,Yine,,-11.1086,-73.3087,yine1238,,379,language,Arawakan,languages
yoku1256,Northern Yokuts,,36.3167,-119.721,yoku1256,,710,language,Yokutsan,languages
yonc1234,Yoncalla,,43.568,-123.466,yonc1234,,698,language,Kalapuyan,languages
yoru1245,Yoruba,,7.15345,3.67225,yoru1245,,1027,language,Atlantic-Congo,languages
yuca1254,Yucatec Maya,,18.7757,-88.9567,yuca1254,,497,language,Mayan,languages
yucu1253,Yucuna,,-0.76075,-71.0033,yucu1253,,463,language,Arawakan,languages
yuec1235,Yue Chinese,,23.0,113.0,yuec1235,,849,language,Sino-Tibetan,languages
yuki1243,Northern Yukian,,39.8389,-123.296,yuki1243,,730,language,Yuki-Wappo,languages
yukp1241,Yukpa,,9.67534,-73.0557,yukp1241,,406,language,Cariban,languages
yura1255,Yuracaré,,-16.7479,-65.1224,yura1255,,242,language,,languages
yuro1248,Yurok,,41.3262,-123.824,yuro1248,,708,language,Algic,languages
yuru1243,Yurumanguí,,3.436864,-76.522636,yuru1243,,404,language,,languages
yuwa1244,Hoti,,5.63879,-65.4267,yuwa1244,,347,language,,languages
zagh1240,Beria,,17.4842,23.4626,zagh1240,,922,language,Saharan,languages
zamu1245,Zamuco,,-18.910444,-59.439698,zamu1245,,428,language,Zamucoan,languages
zand1248,Zande,,4.62047,26.7157,zand1248,,994,language,Atlantic-Congo,languages
zapa1253,Záparo,,-1.99871,-76.364,zapa1253,,322,language,Zaparoan,languages
zinz1238,Zinza,,-2.64132,32.1755,zinz1238,,1165,language,Atlantic-Congo,languages
zulu1248,Zulu,,-28.9,30.2,zulu1248,,982,language,Atlantic-Congo,languages
zuni1245,Zuni,,35.0056,-108.782,zuni1245,,741,language,,languages
abkh1242,Abkhaz-Adyge,,,,abkh1242,,150 161 168,family,,families
afro1255,Afro-Asiatic,,,,afro1255,,1091 1089 910 911 906 915 914 909 912 913 1160 1159 1090 1108 917 905 907 918 1107 1109 1143 1145 1146 1147 1148 1152 1176,family,,families
algi1248,Algic,,,,algi1248,,623 621 589 609 624 622 628 610 748 752 751 611 627 754 592 679 590 683 587 750 586 594 595 693 625 588 699 591 708 593 608 675 680 753 777 778 791,family,,families
arau1255,Araucanian,,,,arau1255,,233 232,family,,families
araw1281,Arawakan,,,,araw1281,,262 371 499 343 267 344 342 266 306 372 336 337 301 373 382 440 244 425 338 370 379 318 339 341 340 264 281 398 300 345 374 375 376 377 378 380 381 383 386 424 445 462 463,family,,families
araw1282,Arawan,,,,araw1282,,335 334 333 385 459,family,,families
atha1245,Athabaskan-Eyak-Tlingit,,,,atha1245,,579 629 578 581 576 577 541 561 668 745 564 671 560 557 677 740 743 556 565 566 612 570 563 573 572 550 562 689 691 575 696 739 790 552 553 555 558 559 568 569 571 574 695 729,family,,families
atla1278,Atlantic-Congo,,,,atla1278,,1133 1136 1135 1067 1068 1073 1028 1069 1023 1029 1019 1020 945 1070 1075 1071 990 1099 1100 1162 1161 984 1163 996 997 998 1158 1004 967 935 1098 1166 991 993 992 1165 950 948 976 949 974 975 979 938 951 956 970 972 973 971 954 1164 952 983 1011 980 977 999 1000 1010 1001 1014 1017 1002 964 936 968 902 900 981 893 985 982 1042 1043 933 1040 1123 1083 1120 1038 1036 1081 1037 1072 963 1041 1026 1025 1024 1060 960 1058 1053 1054 1055 1057 1021 1059 1056 1079 1114 1117 1116 1082 1080 1039 1035 1132 1102 1012 1005 1103 994 1074 1066 1027 946 937 942 1009 947 953 955 966 978 986 987 988 989 995 1003 1006 1007 1008 1015 1018 1062 1063 1064 1065 1061 1084 1085 1086 1101 1104 1105 1118 1121 1122 1124 1125 1130 1137 1138 1139 1141 1142 1144 1153 1154 1155 1156 1157 1167 1168 1169 1170 1171 1177 1178,family,,families
aust1305,Austroasiatic,,,,aust1305,,873,family,,families
aust1307,Austronesian,,,,aust1307,,855 856 857 852 854 858 853 890,family,,families
ayma1253,Aymaran,,,,ayma1253,,224 229,family,,families
barb1265,Barbacoan,,,,barb1265,,328 330 329 327,family,,families
book1242,Bookkeeping,,,,book1242,,453,family,,families
bora1262,Boran,,,,bora1262,,350,family,,families
boro1281,Bororoan,,,,boro1281,,218 444,family,,families
cadd1255,Caddoan,,,,cadd1255,,607 654 658 655,family,,families
cahu1265,Cahuapanan,,,,cahu1265,,316 317,family,,families
cari1283,Cariban,,,,cari1283,,421 422 270 263 193 272 303 346 274 241 273 271 302 304 310 406 419 466,family,,families
cent2225,Central Sudanic,,,,cent2225,,1013 1094 1140 1093 1095 1173 1174 1175,family,,families
chap1271,Chapacuran,,,,chap1271,,258 469 470,family,,families
char1238,Charruan,,,,char1238,,239,family,,families
chib1249,Chibchan,,,,chib1249,,269 305 480 405 539 482 475 268 400 476 477 478 479 481,family,,families
chim1311,Chimakuan,,47.632,-123.079,chim1311,,664 685,family,,families
chin1490,Chinookan,,,,chin1490,,674 662 672,family,,families
chiq1253,Chiquitano,,,,chiq1253,,290,family,,families
choc1280,Chocoan,,,,choc1280,,402 401 399,family,,families
chon1288,Chonan,,,,chon1288,,196 234,family,,families
chuk1271,Chukotko-Kamchatkan,,,,chuk1271,,794 798,family,,families
chum1262,Chumashan,,,,chum1262,,661 669 733 775 670 682 684,family,,families
coch1271,Cochimi-Yuman,,,,coch1271,,781 782 783 784 765 759 760 761 769 774 773 785 766 770 767 771,family,,families
coos1248,Coosan,,,,coos1248,,667 678,family,,families
dogo1299,Dogon,,,,dogo1299,,1119,family,,families
drav1251,Dravidian,,,,drav1251,,876 868 861 870 867 871 862 869 866 864 863,family,,families
eski1264,Eskimo-Aleut,,,,eski1264,,897 546 899 547 545 549 898 895 896,family,,families
fura1235,Furan,,,,fura1235,,925,family,,families
guah1252,Guahiboan,,,,guah1252,,307 308 309 450,family,,families
guai1249,Guaicuruan,,,,guai1249,,427 236 253 252,family,,families
haid1248,Haida,,,,haid1248,,731,family,,families
hibi1242,Hibito-Cholon,,,,hibi1242,,437,family,,families
hmon1336,Hmong-Mien,,,,hmon1336,,841 842,family,,families
huar1251,Huarpean,,,,huar1251,,238,family,,families
huit1251,Huitotoan,,,,huit1251,,353 351 352 354,family,,families
ijoi1239,Ijoid,,,,ijoi1239,,1031 1032 1030 1033 1034,family,,families
indo1319,Indo-European,,,,indo1319,,59 60 5 61 62 63 64 65 66 67 68 69 70 71 72 73 74 75 76 77 78 79 80 81 82 83 24 84 26 86 87 88 89 90 31 872 92 93 94 98 99 100 101 96 97 102 103 104 105 106 107 108 109 110 111 112 113 114 115 116 117 118 119 120 121 122 123 124 125 126 127 128 129 130 131 132 133 37 135 136 40 137 138 139 182 183 56 891 874 883 881 877 882 875 886 838 879 884 885 887 888,family,,families
iroq1247,Iroquoian,,,,iroq1247,,635 644 630 631 640 633 634 632 641 659 626 639,family,,families
jiva1245,Chicham,,,,jiva1245,,287 314 313 315,family,,families
kala1402,Kalapuyan,,,,kala1402,,663 690 698,family,,families
kama1371,Kamakanan,,,,kama1371,,293,family,,families
kart1248,Kartvelian,,,,kart1248,,140 141 142 143,family,,families
katu1274,Katukinan,,,,katu1274,,384 388,family,,families
kawe1237,Kawesqar,,,,kawe1237,,237,family,,families
khoe1240,Khoe-Kwadi,,,,khoe1240,,892,family,,families
kiow1265,Kiowa-Tanoan,,,,kiow1265,,657,family,,families
krua1234,Kru,,,,krua1234,,962 1044 965 1045 1046 1047 1052,family,,families
kxaa1236,Kxa,,,,kxaa1236,,903,family,,families
lenc1239,Lencan,,13.92775,-88.04223,lenc1239,,516,family,,families
leng1261,Lengua-Mascoy,,,,leng1261,,277 426,family,,families
maba1274,Maban,,,,maba1274,,928,family,,families
maid1262,Maiduan,,,,maid1262,,709 704 703,family,,families
mand1469,Mande,,,,mand1469,,1110 1048 1131 1022 1126 1049 1050 1076 1051 1077 1129 1115 1113 1111 1078 1087 1088 1112 1127 1128,family,,families
mata1289,Mataguayan,,,,mata1289,,254 255 256 288,family,,families
maya1287,Mayan,,,,maya1287,,521 502 500 498 525 519 507 518 524 520 526 523 501 509 508 517 497 510 522 527,family,,families
misu1242,Misumalpan,,,,misu1242,,484 483 485,family,,families
miwo1274,Miwok-Costanoan,,,,miwo1274,,722,family,,families
mixe1284,Mixe-Zoque,,,,mixe1284,,528 529 530 531,family,,families
mong1349,Mongolic-Khitan,,,,mong1349,,836 828 830 817 829 799,family,,families
musk1252,Muskogean,,,,musk1252,,649 646 650 651 645 648 746 747,family,,families
nakh1245,Nakh-Daghestanian,,,,nakh1245,,144 145 146 147 148 162 163 164 165 166 169 170 171 172 176 177 178 179,family,,families
namb1299,Nambiquaran,,,,namb1299,,468 282 467,family,,families
nilo1247,Nilotic,,,,nilo1247,,1016 1096 1097 1150,family,,families
nivk1234,Nivkh,,,,nivk1234,,797,family,,families
nubi1251,Nubian,,,,nubi1251,,927,family,,families
nucl1710,Nuclear-Macro-Je,,,,nucl1710,,355 191 217 458 214 215 220 216 240 260 279 280 291 292 359 420 423,family,,families
otom1276,Otomaco-Taparita,,,,otom1276,,410,family,,families
otom1299,Otomanguean,,,,otom1299,,494 504 514 495 496 505 506 511 513,family,,families
pala1350,Palaihnihan,,,,pala1350,,719,family,,families
pano1259,Pano-Tacanan,,,,pano1259,,391 392 390 395 276 285 387 259 394 275 393 396,family,,families
peba1241,Peba-Yagua,,,,peba1241,,369,family,,families
puri1261,Puri-Coroado,,,,puri1261,,418,family,,families
quec1387,Quechuan,,,,quec1387,,194 227 228,family,,families
saha1239,Sahaptian,,,,saha1239,,715 717 721,family,,families
saha1256,Saharan,,,,saha1256,,922 924 1106,family,,families
sali1255,Salishan,,,,sali1255,,584 665 725 615 666 619 724 673 620 720 726 686 616 613 618 723 688 692 694 617 727,family,,families
sali1297,Saliban,,,,sali1297,,348 349,family,,families
sino1245,Sino-Tibetan,,,,sino1245,,827 848 859 826 860 835 833 834 849 847 844 846 878 845 851,family,,families
siou1252,Siouan,,,,siou1252,,605 643 604 596 606 749 598 599 602 603 597 600 601 642,family,,families
song1307,Songhay,,,,song1307,,919,family,,families
spee1234,Speech Register,,,,spee1234,,222,family,,families
surm1244,Surmic,,,,surm1244,,1151,family,,families
taik1256,Tai-Kadai,,,,taik1256,,839 843 840 850,family,,families
tara1323,Tarascan,,,,tara1323,,515,family,,families
ticu1244,Ticuna-Yuri,,,,ticu1244,,460 461,family,,families
toto1251,Totonacan,,,,toto1251,,503,family,,families
tsim1258,Tsimshian,,,,tsim1258,,580,family,,families
tuca1253,Tucanoan,,,,tuca1253,,363 364 312 447 365 311 362 366 367,family,,families
tung1282,Tungusic,,,,tung1282,,792 801 825 824 823,family,,families
tupi1275,Tupian,,,,tupi1275,,195 361 283 209 358 284 202 207 199 205 250 198 246 247 248 210 289 208 200 213 206 203 204 357 201 211 368 294 212 197 249 251 412 443,family,,families
turk1311,Turkic,,,,turk1311,,151 152 153 154 155 156 173 174 175 180 181 184 800 816 822 821 820 805 837,family,,families
tuuu1241,Tuu,,,,tuuu1241,,901,family,,families
unat1236,Unattested,,,,unat1236,,286,family,,families
uncl1493,Unclassifiable,,,,uncl1493,,331 332 415 433 636 637 638 780 786,family,,families
ural1272,Uralic,,,,ural1272,,158 159 160 819 813 814 803 804 806 810 811 815 807 808 818,family,,families
uruc1242,Uru-Chipaya,,,,uruc1242,,230,family,,families
utoa1244,Uto-Aztecan,,,,utoa1244,,736 490 532 656 537 488 533 742 489 538 735 493 535 712 534 706 491 711 763 789 714 492 536 764 738 487 734 756 757 758,family,,families
waka1280,Wakashan,,,,waka1280,,681 585 583 676 614 582,family,,families
wint1258,Wintuan,,,,wint1258,,700,family,,families
xinc1237,Xincan,,14.31028,-89.82346,xinc1237,,512,family,,families
yano1268,Yanomamic,,,,yano1268,,298 299 464 297,family,,families
yeni1252,Yeniseian,,,,yeni1252,,802,family,,families
yoku1255,Yokutsan,,,,yoku1255,,710,family,,families
yuka1259,Yukaghir,,,,yuka1259,,796,family,,families
yuki1242,Yuki-Wappo,,,,yuki1242,,707 730,family,,families
zamu1243,Zamucoan,,,,zamu1243,,429 428,family,,families
zapa1251,Zaparoan,,,,zapa1251,,322 323,family,,families
